7,RDV Modificación a Autorización SEMARNAT.pdf,,11/04/2014 21:33,0000-00-00,clientes/2/Autorizaciones para transporte/RDV Modificación a Autorización SEMARNAT.pdf,,,0,0,0,clientes/2/Autorizaciones para transporte
9,Tarjeta de Circulación RDV F-350.pdf,,11/04/2014 21:38,0000-00-00,clientes/2/Autorizaciones para transporte/Tarjeta de Circulación RDV F-350.pdf,,,0,0,0,clientes/2/Autorizaciones para transporte
10,Tarjeta de Circulación SCT 2.pdf,,11/04/2014 21:41,0000-00-00,clientes/2/Autorizaciones para transporte/Nissan Estacas 2013/Tarjeta de Circulación SCT 2.pdf,,,0,0,0,clientes/2/Autorizaciones para transporte/Nissan Estacas 2013
11,PÓLIZA DE SEGUROS con endoso.pdf,,11/04/2014 21:43,0000-00-00,clientes/2/Autorizaciones para transporte/Nissan Estacas 2013/PÓLIZA DE SEGUROS con endoso.pdf,,,0,0,0,clientes/2/Autorizaciones para transporte/Nissan Estacas 2013
12,PÓLIZA DE SEGUROS con endoso.pdf,,11/04/2014 21:45,0000-00-00,administrador/1/Autorizaciones para transporte/Nissan Estacas 2013/PÓLIZA DE SEGUROS con endoso.pdf,,,0,0,0,administrador/1/Autorizaciones para transporte/Nissan Estacas 2013
14,Tarjeta de Circulación SCT 2.pdf,,11/04/2014 21:47,0000-00-00,administrador/1/Autorizaciones para transporte/Nissan Estacas 2013/Tarjeta de Circulación SCT 2.pdf,,,0,0,0,administrador/1/Autorizaciones para transporte/Nissan Estacas 2013
15,PÓLIZA DE SEGUROS con endoso.pdf,,11/04/2014 21:48,0000-00-00,administrador/1/Autorizaciones para transporte/Ford 2004 F-350/PÓLIZA DE SEGUROS con endoso.pdf,,,0,0,0,administrador/1/Autorizaciones para transporte/Ford 2004 F-350
16,Tarjeta de Circulación RDV F-350.pdf,,11/04/2014 21:49,0000-00-00,administrador/1/Autorizaciones para transporte/Ford 2004 F-350/Tarjeta de Circulación RDV F-350.pdf,,,0,0,0,administrador/1/Autorizaciones para transporte/Ford 2004 F-350
17,Autorización SCT.pdf,,11/04/2014 21:50,0000-00-00,administrador/1/Autorizaciones para transporte/Ford 2004 F-350/Autorización SCT.pdf,,,0,0,0,administrador/1/Autorizaciones para transporte/Ford 2004 F-350
33,Acuse recibido de resultados de monitoreo Julio 2013 a Semarnat.pdf,,16/04/2014 18:09,0000-00-00,clientes/3/LAU/Evidencias de cumplimiento 2013/Acuse recibido de resultados de monitoreo Julio 2013 a Semarnat.pdf,,,0,0,0,clientes/3/LAU/Evidencias de cumplimiento 2013
34,Carta poder a RDV.docx,,15/04/2014 23:17,0000-00-00,clientes/2/Autorizaciones para transporte/Carta poder a RDV.docx,,,0,0,0,clientes/2/Autorizaciones para transporte
35,ARAKE0600211_2012.htm,,16/04/2014 16:38,0000-00-00,clientes/5/Año 2013/COA_2012/ARAKE0600211_2012.htm,,,0,0,0,clientes/5/Año 2013/COA_2012
36,ARAKE0600211_2012.coa,,16/04/2014 16:38,0000-00-00,clientes/5/Año 2013/COA_2012/ARAKE0600211_2012.coa,,,0,0,0,clientes/5/Año 2013/COA_2012
37,Oficio de entrega.docx,,16/04/2014 16:38,0000-00-00,clientes/5/Año 2013/COA_2012/Oficio de entrega.docx,,,0,0,0,clientes/5/Año 2013/COA_2012
38,Requerimiento de información.pdf,,16/04/2014 16:41,0000-00-00,clientes/5/Año 2014/COA_2013/Requerimiento de información.pdf,,,0,0,0,clientes/5/Año 2014/COA_2013
39,ARAKE0600211_2013.htm,,16/04/2014 16:43,0000-00-00,clientes/5/Año 2014/COA_2013/ARAKE0600211_2013.htm,,,0,0,0,clientes/5/Año 2014/COA_2013
40,Oficio de entrega Col.docx,,16/04/2014 16:43,0000-00-00,clientes/5/Año 2014/COA_2013/Oficio de entrega Col.docx,,,0,0,0,clientes/5/Año 2014/COA_2013
41,ARAKE0600211_2013.coa,,16/04/2014 16:44,0000-00-00,clientes/5/Año 2014/COA_2013/ARAKE0600211_2013.coa,,,0,0,0,clientes/5/Año 2014/COA_2013
43,Acuse de ingreso COA 2013.pdf,,16/04/2014 17:36,0000-00-00,clientes/3/LAU/Evidencias de cumplimiento 2014/Acuse de ingreso COA 2013.pdf,,,0,0,0,clientes/3/LAU/Evidencias de cumplimiento 2014
44,IIN110600711_2013.htm,,16/04/2014 17:41,0000-00-00,clientes/3/LAU/Evidencias de cumplimiento 2014/IIN110600711_2013.htm,,,0,0,0,clientes/3/LAU/Evidencias de cumplimiento 2014
52,4120073804 (1).pdf,,16/04/2014 18:24,0000-00-00,clientes/4/la ultima/prueba dentro/4120073804 (1).pdf,,,0,0,0,clientes/4/la ultima/prueba dentro
53,IMG-20130402-WA0000.jpg,,16/04/2014 18:25,0000-00-00,clientes/4/la ultima/prueba dentro/IMG-20130402-WA0000.jpg,,,0,0,0,clientes/4/la ultima/prueba dentro
54,2317970.jpg,,16/04/2014 18:40,0000-00-00,clientes/4/la ultima/prueba dentro/2317970.jpg,,,0,0,0,clientes/4/la ultima/prueba dentro
55,accidente1.jpg,,16/04/2014 18:46,0000-00-00,clientes/4/la ultima/prueba dentro/accidente1.jpg,,,0,0,0,clientes/4/la ultima/prueba dentro
61,IRK_LAU-06-006-2011.pdf,,17/04/2014 19:14,0000-00-00,clientes/3/LAU/IRK_LAU-06-006-2011.pdf,,,0,0,0,clientes/3/LAU
62,IRK  Aut. MIA.pdf,,17/04/2014 19:17,0000-00-00,clientes/3/Autorización en MIA/IRK  Aut. MIA.pdf,,,0,0,0,clientes/3/Autorización en MIA
63,Acuse de recibido COA_ 2012.pdf,,17/04/2014 19:24,0000-00-00,clientes/3/LAU/Evidencias de cumplimiento 2013/COA_2013/COA_2012/Acuse de recibido COA_ 2012.pdf,,,0,0,0,clientes/3/LAU/Evidencias de cumplimiento 2013/COA_2013/COA_2012
64,IIN110600711_2012.htm,,17/04/2014 19:28,0000-00-00,clientes/3/LAU/Evidencias de cumplimiento 2013/COA_2013/COA_2012/IIN110600711_2012.htm,,,0,0,0,clientes/3/LAU/Evidencias de cumplimiento 2013/COA_2013/COA_2012
65,IIN110600711_2012.htm,,17/04/2014 19:44,0000-00-00,clientes/3/LAU/Evidencias de cumplimiento 2013/IIN110600711_2012.htm,,,0,0,0,clientes/3/LAU/Evidencias de cumplimiento 2013
66,Acuse de recibido COA_ 2012.pdf,,17/04/2014 19:45,0000-00-00,clientes/3/LAU/Evidencias de cumplimiento 2013/Acuse de recibido COA_ 2012.pdf,,,0,0,0,clientes/3/LAU/Evidencias de cumplimiento 2013
71,Acta Constitutiva IRK S.A. de C.V..pdf,,17/04/2014 20:45,0000-00-00,clientes/3/Documentos oficiales/Acta Constitutiva IRK S.A. de C.V..pdf,,,0,0,0,clientes/3/Documentos oficiales
72,Registro como generador de RP´s.pdf,,17/04/2014 20:55,0000-00-00,clientes/3/En Materia de Residuos Peligrosos/Registro como generador de RP´s.pdf,,,0,0,0,clientes/3/En Materia de Residuos Peligrosos
73,Febrero 2014.pdf,,17/04/2014 20:56,0000-00-00,clientes/3/En Materia de Residuos Peligrosos/Manifiestos por RP´s/Febrero 2014.pdf,,,0,0,0,clientes/3/En Materia de Residuos Peligrosos/Manifiestos por RP´s
74,Manifiesto 22 Dic. 2012.pdf,,17/04/2014 20:58,0000-00-00,clientes/3/En Materia de Residuos Peligrosos/Manifiestos por RP´s/Manifiesto 22 Dic. 2012.pdf,,,0,0,0,clientes/3/En Materia de Residuos Peligrosos/Manifiestos por RP´s
75,Manifiestos 02 03 2012.pdf,,17/04/2014 20:58,0000-00-00,clientes/3/En Materia de Residuos Peligrosos/Manifiestos por RP´s/Manifiestos 02 03 2012.pdf,,,0,0,0,clientes/3/En Materia de Residuos Peligrosos/Manifiestos por RP´s
76,Registro como generador de RP´s.pdf,,17/04/2014 21:09,0000-00-00,clientes/5/En Materia de Residuos Peligrosos/Registro como generador de RP´s.pdf,,,0,0,0,clientes/5/En Materia de Residuos Peligrosos
77,Registro del Plan de Manejo de RP´s ante SEMARNAT.pdf,,17/04/2014 21:10,0000-00-00,clientes/5/En Materia de Residuos Peligrosos/Registro del Plan de Manejo de RP´s ante SEMARNAT.pdf,,,0,0,0,clientes/5/En Materia de Residuos Peligrosos
79,Plan de Manejo de RP´s Rancagua Corregido..pdf,,17/04/2014 21:11,0000-00-00,clientes/5/En Materia de Residuos Peligrosos/Plan de Manejo de RP´s Rancagua Corregido..pdf,,,0,0,0,clientes/5/En Materia de Residuos Peligrosos
81,Encuesta EmbApp.docx,,19/04/2014 14:50,0000-00-00,clientes/4/Encuesta EmbApp.docx,,,0,0,0,clientes/4
82,Encuesta EmbApp.pdf,,19/04/2014 14:51,0000-00-00,clientes/4/Encuesta EmbApp.pdf,,,0,0,0,clientes/4
83,comandos. git.txt,,19/04/2014 14:55,0000-00-00,clientes/4/comandos. git.txt,,,0,0,0,clientes/4
84,panel con legend..txt,,19/04/2014 14:55,0000-00-00,clientes/4/panel con legend..txt,,,0,0,0,clientes/4
85,20120613-115001.jpg,,20/04/2014 15:56,0000-00-00,clientes/4/Primera/20120613-115001.jpg,,,0,0,0,clientes/4/Primera
86,cars.jpg,,20/04/2014 15:56,0000-00-00,clientes/4/Primera/cars.jpg,,,0,0,0,clientes/4/Primera
87,Encuesta EmbApp.docx,,20/04/2014 15:56,0000-00-00,clientes/4/Primera/Encuesta EmbApp.docx,,,0,0,0,clientes/4/Primera
88,cuestionario tema 1.pdf,,20/04/2014 15:56,0000-00-00,clientes/4/Primera/cuestionario tema 1.pdf,,,0,0,0,clientes/4/Primera
89,Encuesta EmbApp.pdf,,20/04/2014 15:56,0000-00-00,clientes/4/Primera/Encuesta EmbApp.pdf,,,0,0,0,clientes/4/Primera
90,RSDLite v44 User Manual.pdf,,20/04/2014 15:54,0000-00-00,clientes/4/RSDLite v44 User Manual.pdf,,,0,0,0,clientes/4
91,OEC2Z1412011_2013.htm,,21/04/2014 20:53,0000-00-00,clientes/8/COA_2013 /OEC2Z1412011_2013.htm,,,0,0,0,clientes/8/COA_2013 
92,OEC2Z1412011_2013.coa,,21/04/2014 20:54,0000-00-00,clientes/8/COA_2013 /OEC2Z1412011_2013.coa,,,0,0,0,clientes/8/COA_2013 
93,Oficio_OEC2Z1412011_2013.htm,,21/04/2014 20:54,0000-00-00,clientes/8/COA_2013 /Oficio_OEC2Z1412011_2013.htm,,,0,0,0,clientes/8/COA_2013 
94,Jesús Olvera Autorización Semarnat.pdf,,21/04/2014 20:55,0000-00-00,clientes/8/Jesús Olvera Autorización Semarnat.pdf,,,0,0,0,clientes/8
95,Ecoamere Autorización.pdf,,21/04/2014 20:56,0000-00-00,clientes/8/Ecoamere Autorización.pdf,,,0,0,0,clientes/8
96,1 Canvas.docx,,21/04/2014 22:03,0000-00-00,clientes/4/Primera/ramos/1 Canvas.docx,,,0,0,0,clientes/4/Primera/ramos
97,02 CANVAS.docx,,21/04/2014 22:03,0000-00-00,clientes/4/Primera/ramos/02 CANVAS.docx,,,0,0,0,clientes/4/Primera/ramos
98,estados.sql,,21/04/2014 22:05,0000-00-00,clientes/4/estados.sql,,,0,0,0,clientes/4
99,cartografia.sql,,21/04/2014 22:15,0000-00-00,clientes/4/cartografia.sql,,,0,0,0,clientes/4
100,sitemap.xml,,21/04/2014 22:28,0000-00-00,clientes/4/sitemap.xml,,,0,0,0,clientes/4
101,sitemap.xml,,21/04/2014 22:30,0000-00-00,clientes/4/sitemap.xml,,,0,0,0,clientes/4
102,Historial de Pagos.docx,,21/04/2014 23:24,0000-00-00,clientes/4/Historial de Pagos.docx,,,0,0,0,clientes/4
103,Poder Representante Chen Yang.pdf,,24/04/2014 13:14,0000-00-00,clientes/10/Documentos oficiales/Poder Representante Chen Yang.pdf,,,0,0,0,clientes/10/Documentos oficiales
104,LAU.pdf,,24/04/2014 13:16,0000-00-00,clientes/10/Patio Manzanillo/Autorizaciones/LAU.pdf,,,0,0,0,clientes/10/Patio Manzanillo/Autorizaciones
105,Resolutivo Autorización MIA.pdf,,24/04/2014 13:19,0000-00-00,clientes/10/Patio Manzanillo/Autorizaciones/Resolutivo Autorización MIA.pdf,,,0,0,0,clientes/10/Patio Manzanillo/Autorizaciones
106,Acuse de recibido el COA_2013.pdf,,24/04/2014 13:54,0000-00-00,clientes/10/Patio Manzanillo/LAU: Evidencias de cumplimiento 2014/Acuse de recibido el COA_2013.pdf,,,0,0,0,clientes/10/Patio Manzanillo/LAU: Evidencias de cumplimiento 2014
107,Oficio_MDA110600711_2013.htm,,24/04/2014 13:55,0000-00-00,clientes/10/Patio Manzanillo/LAU: Evidencias de cumplimiento 2014/Oficio_MDA110600711_2013.htm,,,0,0,0,clientes/10/Patio Manzanillo/LAU: Evidencias de cumplimiento 2014
108,Acuse de recibido entrega de monitoreo PST.pdf,,24/04/2014 13:57,0000-00-00,clientes/10/Patio Manzanillo/LAU: Evidencias de cumplimiento 2014/Acuse de recibido entrega de monitoreo PST.pdf,,,0,0,0,clientes/10/Patio Manzanillo/LAU: Evidencias de cumplimiento 2014
109,Respuesta de Semarnat a entrega de reporte de PST.pdf,,24/04/2014 13:59,0000-00-00,clientes/10/Patio Manzanillo/LAU: Evidencias de cumplimiento 2014/Respuesta de Semarnat a entrega de reporte de PST.pdf,,,0,0,0,clientes/10/Patio Manzanillo/LAU: Evidencias de cumplimiento 2014
110,Acuse de recibido COA 2012.pdf,,24/04/2014 14:03,0000-00-00,clientes/10/Patio Manzanillo/LAU: Evidencias de cumplimiento 2013/Acuse de recibido COA 2012.pdf,,,0,0,0,clientes/10/Patio Manzanillo/LAU: Evidencias de cumplimiento 2013
111,Acuse de recibido correcciones COA 2012.pdf,,24/04/2014 14:04,0000-00-00,clientes/10/Patio Manzanillo/LAU: Evidencias de cumplimiento 2013/Acuse de recibido correcciones COA 2012.pdf,,,0,0,0,clientes/10/Patio Manzanillo/LAU: Evidencias de cumplimiento 2013
112,MDA110600711_2012.htm,,24/04/2014 14:05,0000-00-00,clientes/10/Patio Manzanillo/LAU: Evidencias de cumplimiento 2013/MDA110600711_2012.htm,,,0,0,0,clientes/10/Patio Manzanillo/LAU: Evidencias de cumplimiento 2013
113,Requerimiento de información a COA 2012.pdf,,24/04/2014 14:06,0000-00-00,clientes/10/Patio Manzanillo/LAU: Evidencias de cumplimiento 2013/Requerimiento de información a COA 2012.pdf,,,0,0,0,clientes/10/Patio Manzanillo/LAU: Evidencias de cumplimiento 2013
114,Acuse de recibido de entrega monitoreo PST julio 2013.pdf,,24/04/2014 14:12,0000-00-00,clientes/10/Patio Manzanillo/LAU: Evidencias de cumplimiento 2013/Acuse de recibido de entrega monitoreo PST julio 2013.pdf,,,0,0,0,clientes/10/Patio Manzanillo/LAU: Evidencias de cumplimiento 2013
115,Respuesta de Semarnat a entrega de reporte de PST Nov. 2013.pdf,,24/04/2014 14:15,0000-00-00,clientes/10/Patio Manzanillo/LAU: Evidencias de cumplimiento 2013/Respuesta de Semarnat a entrega de reporte de PST Nov. 2013.pdf,,,0,0,0,clientes/10/Patio Manzanillo/LAU: Evidencias de cumplimiento 2013
116,Respuesta de Semarnat a entrega de reporte de PST Nov. 2013.pdf,,24/04/2014 14:15,0000-00-00,clientes/10/Patio Manzanillo/LAU: Evidencias de cumplimiento 2013/Respuesta de Semarnat a entrega de reporte de PST Nov. 2013.pdf,,,0,0,0,clientes/10/Patio Manzanillo/LAU: Evidencias de cumplimiento 2013
117,Respuesta de Semarnat a Aviso de Suspensión de actividades.pdf,,24/04/2014 14:16,0000-00-00,clientes/10/Patio Manzanillo/LAU: Evidencias de cumplimiento 2013/Respuesta de Semarnat a Aviso de Suspensión de actividades.pdf,,,0,0,0,clientes/10/Patio Manzanillo/LAU: Evidencias de cumplimiento 2013
118,Acuse de recibido entrega de monitoreo PST en Nov. 2013.pdf,,24/04/2014 14:18,0000-00-00,clientes/10/Patio Manzanillo/LAU: Evidencias de cumplimiento 2013/Acuse de recibido entrega de monitoreo PST en Nov. 2013.pdf,,,0,0,0,clientes/10/Patio Manzanillo/LAU: Evidencias de cumplimiento 2013
120,Resolutivo Exp. PFPA-13.2-2C.27.1-0071-13 A Minining Co.pdf,,24/04/2014 14:42,0000-00-00,clientes/10/Patio Manzanillo/Procedimiento Administrativo PROFEPA/Resolutivo Exp. PFPA-13.2-2C.27.1-0071-13 A Minining Co.pdf,,,0,0,0,clientes/10/Patio Manzanillo/Procedimiento Administrativo PROFEPA
121,Acuerdo de Emplazamiento.pdf,,24/04/2014 14:43,0000-00-00,clientes/10/Patio Manzanillo/Procedimiento Administrativo PROFEPA/Acuerdo de Emplazamiento.pdf,,,0,0,0,clientes/10/Patio Manzanillo/Procedimiento Administrativo PROFEPA
122,1a Condicionante programa de actividades a Semarnat.pdf,,24/04/2014 22:44,0000-00-00,clientes/3/LAU/Evidencias de cumplimiento 2011/1a Condicionante programa de actividades a Semarnat.pdf,,,0,0,0,clientes/3/LAU/Evidencias de cumplimiento 2011
123,Acuse de resultados de monitoreo Diciembre 2012.pdf,,24/04/2014 22:47,0000-00-00,clientes/3/LAU/Evidencias de cumplimiento 2012/Acuse de resultados de monitoreo Diciembre 2012.pdf,,,0,0,0,clientes/3/LAU/Evidencias de cumplimiento 2012
125,Reporte de COA 2011.pdf,,24/04/2014 22:58,0000-00-00,clientes/3/LAU/Evidencias de cumplimiento 2012/Reporte de COA 2011.pdf,,,0,0,0,clientes/3/LAU/Evidencias de cumplimiento 2012
127,CERTIFICADO BIODIGESTOR NOM-006.pdf,,24/04/2014 23:17,0000-00-00,clientes/3/LAU/Evidencias de cumplimiento 2011/CERTIFICADO BIODIGESTOR NOM-006.pdf,,,0,0,0,clientes/3/LAU/Evidencias de cumplimiento 2011
132,Acuse de recibidos los resultados de monitoreo Jun-2012.pdf,,25/04/2014 17:57,0000-00-00,clientes/3/LAU/Evidencias de cumplimiento 2012/Acuse de recibidos los resultados de monitoreo Jun-2012.pdf,,,0,0,0,clientes/3/LAU/Evidencias de cumplimiento 2012
133,Acuse de recibido COA 2011.pdf,,25/04/2014 18:16,0000-00-00,clientes/3/LAU/Evidencias de cumplimiento 2012/Acuse de recibido COA 2011.pdf,,,0,0,0,clientes/3/LAU/Evidencias de cumplimiento 2012
135,Reporte de Monitoreo de diciembre 2013.pdf,,25/04/2014 18:40,0000-00-00,clientes/3/LAU/Evidencias de cumplimiento 2013/Reporte de Monitoreo de diciembre 2013.pdf,,,0,0,0,clientes/3/LAU/Evidencias de cumplimiento 2013
136,Reporte de Monitoreo Julio 2013.pdf,,25/04/2014 18:46,0000-00-00,clientes/3/LAU/Evidencias de cumplimiento 2013/Reporte de Monitoreo Julio 2013.pdf,,,0,0,0,clientes/3/LAU/Evidencias de cumplimiento 2013
139,Acuse de recibido resultados de monitoreo Dic. 2013.pdf,,25/04/2014 19:18,0000-00-00,clientes/3/LAU/Evidencias de cumplimiento 2013/Acuse de recibido resultados de monitoreo Dic. 2013.pdf,,,0,0,0,clientes/3/LAU/Evidencias de cumplimiento 2013
140,Solicitud de LAU.pdf,,25/04/2014 19:22,0000-00-00,clientes/3/LAU/Solicitud de LAU.pdf,,,0,0,0,clientes/3/LAU
141,CONTRATO MTTO FOSA SÉPTICA.pdf,,25/04/2014 19:40,0000-00-00,clientes/3/LAU/Evidencias de cumplimiento 2012/CONTRATO MTTO FOSA SÉPTICA.pdf,,,0,0,0,clientes/3/LAU/Evidencias de cumplimiento 2012
142,CONTRATO MTTO FOSA SÉPTICA.pdf,,25/04/2014 19:43,0000-00-00,clientes/3/LAU/Evidencias de cumplimiento 2013/CONTRATO MTTO FOSA SÉPTICA.pdf,,,0,0,0,clientes/3/LAU/Evidencias de cumplimiento 2013
144,Contrato de Mantto a Fosa Séptica 2014.pdf,,28/04/2014 22:27,0000-00-00,clientes/3/LAU/Evidencias de cumplimiento 2014/Contrato de Mantto a Fosa Séptica 2014.pdf,,,0,0,0,clientes/3/LAU/Evidencias de cumplimiento 2014
145,Reporte de Monitoreo PST junio 2012.pdf,,28/04/2014 23:24,0000-00-00,clientes/3/LAU/Evidencias de cumplimiento 2012/Reporte de Monitoreo PST junio 2012.pdf,,,0,0,0,clientes/3/LAU/Evidencias de cumplimiento 2012
146,Identificación de Namik.pdf,,28/04/2014 23:37,0000-00-00,clientes/3/Documentos oficiales/Identificación de Namik.pdf,,,0,0,0,clientes/3/Documentos oficiales
147,Identificacion Manuel Fuentes.pdf,,28/04/2014 23:38,0000-00-00,clientes/3/Documentos oficiales/Identificacion Manuel Fuentes.pdf,,,0,0,0,clientes/3/Documentos oficiales
152,Manifiesto por recolección de Aguas Residuales Sept-2013.pdf,,29/04/2014 13:49,0000-00-00,clientes/11/LAU-06/007/2011/Evidencias de cumplimiento 2013/Manifiesto por recolección de Aguas Residuales Sept-2013.pdf,,,0,0,0,clientes/11/LAU-06/007/2011/Evidencias de cumplimiento 2013
153,guia-thomson-310811.pdf,,29/04/2014 14:48,0000-00-00,clientes/4/Cuarta/guia-thomson-310811.pdf,,,0,0,0,clientes/4/Cuarta
154,motherboard_manual_ga-m61pme-s2p_e.pdf,,29/04/2014 14:49,0000-00-00,clientes/4/Cuarta/motherboard_manual_ga-m61pme-s2p_e.pdf,,,0,0,0,clientes/4/Cuarta
155,RSDLite v44 User Manual.pdf,,29/04/2014 14:49,0000-00-00,clientes/4/Cuarta/RSDLite v44 User Manual.pdf,,,0,0,0,clientes/4/Cuarta
156,LAU-06-007-2011.pdf,,29/04/2014 19:36,0000-00-00,clientes/11/Rocasa-LAU-06-007-2011/LAU-06-007-2011.pdf,,,0,0,0,clientes/11/Rocasa-LAU-06-007-2011
157,Acuse de recibido el Programa de Construcción de estructura y malla.pdf,,29/04/2014 19:44,0000-00-00,clientes/11/Rocasa-LAU-06-007-2011/Evidencias de cumplimiento 2011/Acuse de recibido el Programa de Construcción de estructura y malla.pdf,,,0,0,0,clientes/11/Rocasa-LAU-06-007-2011/Evidencias de cumplimiento 2011
158,Acuse de recibido el Reporte de monitoreo PST Sept. 2013.pdf,,29/04/2014 20:27,0000-00-00,clientes/11/Rocasa-LAU-06-007-2011/Evidencias de cumplimiento 2013/Acuse de recibido el Reporte de monitoreo PST Sept. 2013.pdf,,,0,0,0,clientes/11/Rocasa-LAU-06-007-2011/Evidencias de cumplimiento 2013
159,Título de propiedad del Predio.pdf,,29/04/2014 20:51,0000-00-00,clientes/11/Documentos oficiales/Título de propiedad del Predio.pdf,,,0,0,0,clientes/11/Documentos oficiales
160,Bitácora de mantenimiento 2013-2014.pdf,,30/04/2014 22:02,0000-00-00,clientes/3/LAU/Evidencias de cumplimiento 2014/Bitácora de mantenimiento 2013-2014.pdf,,,0,0,0,clientes/3/LAU/Evidencias de cumplimiento 2014
161,Bitácora de mantenimiento Estructura y aspersores.pdf,,30/04/2014 22:02,0000-00-00,clientes/3/LAU/Evidencias de cumplimiento 2014/Bitácora de mantenimiento Estructura y aspersores.pdf,,,0,0,0,clientes/3/LAU/Evidencias de cumplimiento 2014
162,Bitácora de mantenimiento MQ. Fintec 2013-2014.pdf,,30/04/2014 22:03,0000-00-00,clientes/3/LAU/Evidencias de cumplimiento 2014/Bitácora de mantenimiento MQ. Fintec 2013-2014.pdf,,,0,0,0,clientes/3/LAU/Evidencias de cumplimiento 2014
163,CERTIFICADO BIODIGESTOR al 2012.pdf,,30/04/2014 22:13,0000-00-00,clientes/3/LAU/Evidencias de cumplimiento 2011/CERTIFICADO BIODIGESTOR al 2012.pdf,,,0,0,0,clientes/3/LAU/Evidencias de cumplimiento 2011
164,PROGRAMA DE MANTENIMIENTO DE EQUIPO DE PROCESO Y SISTEMA DE CONTROL DE EMISIONES.pdf,,30/04/2014 22:19,0000-00-00,clientes/3/LAU/Evidencias de cumplimiento 2011/PROGRAMA DE MANTENIMIENTO DE EQUIPO DE PROCESO Y SISTEMA DE CONTROL DE EMISIONES.pdf,,,0,0,0,clientes/3/LAU/Evidencias de cumplimiento 2011
165,Especificaciones técnicas del sistema de control de emisiones.pdf,,30/04/2014 22:27,0000-00-00,clientes/3/LAU/Evidencias de cumplimiento 2014/Especificaciones técnicas del sistema de control de emisiones.pdf,,,0,0,0,clientes/3/LAU/Evidencias de cumplimiento 2014
166,PROGRAMA DE MANTENIMIENTO DE EQUIPO DE PROCESO Y SISTEMA DE CONTROL DE EMISIONES.pdf,,30/04/2014 22:28,0000-00-00,clientes/3/LAU/Evidencias de cumplimiento 2014/PROGRAMA DE MANTENIMIENTO DE EQUIPO DE PROCESO Y SISTEMA DE CONTROL DE EMISIONES.pdf,,,0,0,0,clientes/3/LAU/Evidencias de cumplimiento 2014
168,Hoja de Datos de seguridad del Diesel.pdf,,30/04/2014 22:33,0000-00-00,clientes/3/LAU/Evidencias de cumplimiento 2011/Hoja de Datos de seguridad del Diesel.pdf,,,0,0,0,clientes/3/LAU/Evidencias de cumplimiento 2011
169,Reporte de Monitoreo PST Diciembre 2012.pdf,,02/05/2014 00:46,0000-00-00,clientes/3/LAU/Evidencias de cumplimiento 2012/Reporte de Monitoreo PST Diciembre 2012.pdf,,,0,0,0,clientes/3/LAU/Evidencias de cumplimiento 2012
171,Profepa Acuerdo de Cierre de Procedimiento 747.2012.    05 Dic 2012.pdf,,04/05/2014 19:21,0000-00-00,clientes/11/Rocasa-LAU-06-007-2011/Evidencias de cumplimiento 2012/Profepa Acuerdo de Cierre de Procedimiento 747.2012.    05 Dic 2012.pdf,,,0,0,0,clientes/11/Rocasa-LAU-06-007-2011/Evidencias de cumplimiento 2012
172,Reporte de monitoreo de PST Agosto 2012.pdf,,04/05/2014 19:30,0000-00-00,clientes/11/Rocasa-LAU-06-007-2011/Evidencias de cumplimiento 2012/Reporte de monitoreo de PST Agosto 2012.pdf,,,0,0,0,clientes/11/Rocasa-LAU-06-007-2011/Evidencias de cumplimiento 2012
173,Reporte de monitoreo de PST Septiembre 2013.pdf,,04/05/2014 20:16,0000-00-00,clientes/11/Rocasa-LAU-06-007-2011/Evidencias de cumplimiento 2013/Reporte de monitoreo de PST Septiembre 2013.pdf,,,0,0,0,clientes/11/Rocasa-LAU-06-007-2011/Evidencias de cumplimiento 2013
174,Manifiestos de Residuos Peligrosos.pdf,,04/05/2014 20:38,0000-00-00,clientes/11/En Materia de Residuos Peligrosos/Manifiestos de Residuos Peligrosos.pdf,,,0,0,0,clientes/11/En Materia de Residuos Peligrosos
175,Oficio de entrega y Acuse de recibida la COA_2012.pdf,,04/05/2014 20:48,0000-00-00,clientes/11/Rocasa-LAU-06-007-2011/Evidencias de cumplimiento 2013/Oficio de entrega y Acuse de recibida la COA_2012.pdf,,,0,0,0,clientes/11/Rocasa-LAU-06-007-2011/Evidencias de cumplimiento 2013
176,Dictámen de uso de suelo. 23 Sept 2011.pdf,,04/05/2014 20:49,0000-00-00,clientes/11/Documentos oficiales/Dictámen de uso de suelo. 23 Sept 2011.pdf,,,0,0,0,clientes/11/Documentos oficiales
177,Oficio de Semarnat de recibido Reporte de Evaluación de PST de .pdf,,04/05/2014 21:04,0000-00-00,clientes/11/Rocasa-LAU-06-007-2011/Evidencias de cumplimiento 2013/Oficio de Semarnat de recibido Reporte de Evaluación de PST de .pdf,,,0,0,0,clientes/11/Rocasa-LAU-06-007-2011/Evidencias de cumplimiento 2013
178,Oficio de Semarnat de Respuesta a evidencias de cumplimiento a .pdf,,04/05/2014 21:11,0000-00-00,clientes/11/Rocasa-LAU-06-007-2011/Evidencias de cumplimiento 2012/Oficio de Semarnat de Respuesta a evidencias de cumplimiento a .pdf,,,0,0,0,clientes/11/Rocasa-LAU-06-007-2011/Evidencias de cumplimiento 2012
179,Acuse de recibida el reporte de la COA_2011.pdf,,04/05/2014 21:17,0000-00-00,clientes/11/Rocasa-LAU-06-007-2011/Evidencias de cumplimiento 2012/Acuse de recibida el reporte de la COA_2011.pdf,,,0,0,0,clientes/11/Rocasa-LAU-06-007-2011/Evidencias de cumplimiento 2012
182,Oficio Semarnat de recibido Programa de Construcción de estructura y monitoreo Feb 2012.pdf,,04/05/2014 21:37,0000-00-00,clientes/11/Rocasa-LAU-06-007-2011/Evidencias de cumplimiento 2012/Oficio Semarnat de recibido Programa de Construcción de estructura y monitoreo Feb 2012.pdf,,,0,0,0,clientes/11/Rocasa-LAU-06-007-2011/Evidencias de cumplimiento 2012
183,Manifiestos generados.pdf,,24/05/2014 18:52,0000-00-00,clientes/18/Residuos Peligrosos/Manifiestos generados.pdf,,,0,0,0,clientes/18/Residuos Peligrosos/
184,Solicitud de Licencia Ambiental Única.pdf,,03/06/2014 23:12,0000-00-00,clientes/19/LAU/Solicitud de Licencia Ambiental Única.pdf,,,0,0,0,clientes/19/LAU
185,M. Dueñas LAU-06-014-2012.pdf,,03/06/2014 23:14,0000-00-00,clientes/19/LAU/M. Dueñas LAU-06-014-2012.pdf,,,0,0,0,clientes/19/LAU
192,Licencia Local de Funcionamiento Ambiental COCO COLIMA.pdf,,03/06/2014 23:53,0000-00-00,clientes/20/Licencia Local de Funcionamiento Ambiental/Licencia Local de Funcionamiento Ambiental COCO COLIMA.pdf,,,0,0,0,clientes/20/Licencia Local de Funcionamiento Ambiental
193,Acuse de ingresado el Plan de Manejo de RME y anexos.pdf,,03/06/2014 23:59,0000-00-00,clientes/20/Licencia Local de Funcionamiento Ambiental/Evidencias de cumplimiento 2014/Acuse de ingresado el Plan de Manejo de RME y anexos.pdf,,,0,0,0,clientes/20/Licencia Local de Funcionamiento Ambiental/Evidencias de cumplimiento 2014
195,Manifiestos del 20-04-2010  al  22-05-2014.pdf,,04/06/2014 19:03,0000-00-00,clientes/20/En Materia de Residuos Peligrosos/Manifiestos del 20-04-2010  al  22-05-2014.pdf,,,0,0,0,clientes/20/En Materia de Residuos Peligrosos
196,Requerimiento de Semarnat a COA_2013.pdf,,07/06/2014 13:40,0000-00-00,clientes/3/LAU/Evidencias de cumplimiento 2014/Requerimiento de Semarnat a COA_2013.pdf,,,0,0,0,clientes/3/LAU/Evidencias de cumplimiento 2014
197,Acuse de Atención a Requerimiento por COA 2013.pdf,,07/06/2014 13:41,0000-00-00,clientes/3/LAU/Evidencias de cumplimiento 2014/Acuse de Atención a Requerimiento por COA 2013.pdf,,,0,0,0,clientes/3/LAU/Evidencias de cumplimiento 2014
198,ORDEN DE INSPECCION PROFEPA 19 mayo 2014.pdf,,07/06/2014 14:29,0000-00-00,clientes/3/LAU/Inspecciones de PROFEPA/2014/ORDEN DE INSPECCION PROFEPA 19 mayo 2014.pdf,,,0,0,0,clientes/3/LAU/Inspecciones de PROFEPA/2014
199,"Solicitud de LAU, formato y anexos.pdf",,09/06/2014 10:28,0000-00-00,"clientes/11/Rocasa-LAU-06-007-2011/Solicitud de LAU, formato y anexos.pdf",,,0,0,0,clientes/11/Rocasa-LAU-06-007-2011
200,Acuse de recibida la COA 2013.pdf,,09/06/2014 20:00,0000-00-00,clientes/11/Rocasa-LAU-06-007-2011/Evidencias de cumplimiento 2014/Acuse de recibida la COA 2013.pdf,,,0,0,0,clientes/11/Rocasa-LAU-06-007-2011/Evidencias de cumplimiento 2014
201,RDV Modificación a Autorización SEMARNAT.pdf,,12/06/2014 23:11,0000-00-00,clientes/20/En Materia de Residuos Peligrosos/RDV Modificación a Autorización SEMARNAT.pdf,,,0,0,0,clientes/20/En Materia de Residuos Peligrosos
202,014-002-682-95 Transporte Alicia Huerta.pdf,,12/06/2014 23:13,0000-00-00,clientes/20/En Materia de Residuos Peligrosos/014-002-682-95 Transporte Alicia Huerta.pdf,,,0,0,0,clientes/20/En Materia de Residuos Peligrosos
203,14-98B-PS-II-18-03 Alicia Huerta ACOPIO.pdf,,12/06/2014 23:13,0000-00-00,clientes/20/En Materia de Residuos Peligrosos/14-98B-PS-II-18-03 Alicia Huerta ACOPIO.pdf,,,0,0,0,clientes/20/En Materia de Residuos Peligrosos
204,RDV Modificación a Autorización SEMARNAT.pdf,,13/06/2014 07:23,0000-00-00,clientes/21/En Materia de Residuos Peligrosos/RDV Modificación a Autorización SEMARNAT.pdf,,,0,0,0,clientes/21/En Materia de Residuos Peligrosos
205,Manifiestos a abril 2014.pdf,,13/06/2014 07:26,0000-00-00,clientes/21/En Materia de Residuos Peligrosos/Manifiestos a abril 2014.pdf,,,0,0,0,clientes/21/En Materia de Residuos Peligrosos
206,SOLICITUD A PROFEPA DE COPIAS RESOLUCION 060.pdf,,16/06/2014 20:26,0000-00-00,clientes/3/LAU/Inspecciones de PROFEPA/2014/SOLICITUD A PROFEPA DE COPIAS RESOLUCION 060.pdf,,,0,0,0,clientes/3/LAU/Inspecciones de PROFEPA/2014
207,Resolución Admva. No. 227-2013  de Exp. PFPA. 0032-13 .pdf,,23/06/2014 11:20,0000-00-00,clientes/3/LAU/Inspecciones de PROFEPA/2013/Resolución Admva. No. 227-2013  de Exp. PFPA. 0032-13 .pdf,,,0,0,0,clientes/3/LAU/Inspecciones de PROFEPA/2013
208,Requerimiento a solicitud de Actualización.pdf,,23/06/2014 11:21,0000-00-00,clientes/3/LAU/Evidencias de cumplimiento 2014/Requerimiento a solicitud de Actualización.pdf,,,0,0,0,clientes/3/LAU/Evidencias de cumplimiento 2014
209,Recategorización como generador de RP´s.pdf,,29/06/2014 13:41,0000-00-00,clientes/20/En Materia de Residuos Peligrosos/Recategorización como generador de RP´s.pdf,,,0,0,0,clientes/20/En Materia de Residuos Peligrosos
210,Solicitud de Actualización de LAU.pdf,,05/08/2014 20:13,0000-00-00,clientes/3/LAU/Actualizacion de la LAU/Solicitud de Actualización de LAU.pdf,,,0,0,0,clientes/3/LAU/Actualizacion de la LAU
211,Requerimiento a solicitud de Actualización.pdf,,05/08/2014 20:15,0000-00-00,clientes/3/LAU/Actualizacion de la LAU/Requerimiento a solicitud de Actualización.pdf,,,0,0,0,clientes/3/LAU/Actualizacion de la LAU
212,Información ingresada para requerimiento por actualización.pdf,,05/08/2014 20:18,0000-00-00,clientes/3/LAU/Actualizacion de la LAU/Información ingresada para requerimiento por actualización.pdf,,,0,0,0,clientes/3/LAU/Actualizacion de la LAU
213,2o. Requerimiento a solicitud de Actualización.pdf,,05/08/2014 20:19,0000-00-00,clientes/3/LAU/Actualizacion de la LAU/2o. Requerimiento a solicitud de Actualización.pdf,,,0,0,0,clientes/3/LAU/Actualizacion de la LAU
218,aceptados_2014.pdf,,29/08/2014 13:39,0000-00-00,clientes/4/aceptados_2014.pdf,,,0,0,0,clientes/4
219,aceptados_2014.pdf,,29/08/2014 13:53,0000-00-00,clientes/4/aceptados_2014.pdf,,,0,0,0,clientes/4
220,pythonbook.pdf,,29/08/2014 13:56,0000-00-00,clientes/4/pythonbook.pdf,,,0,0,0,clientes/4
222,Registro como Generador de RP´s.pdf,,20/10/2014 18:45,0000-00-00,clientes/23/Registro Como Generador de RPs/Registro como Generador de RP´s.pdf,,,0,0,0,clientes/23/Registro Como Generador de RPs
223,Solicitud de Registro como Generador de RP´s.pdf,,20/10/2014 18:52,0000-00-00,clientes/23/Registro Como Generador de RPs/Solicitud de Registro como Generador de RP´s.pdf,,,0,0,0,clientes/23/Registro Como Generador de RPs
224,Acuse de recibido Sexta Condicionante Octubre 2014.pdf,,20/10/2014 19:10,0000-00-00,clientes/19/LAU/Evidencias de cumplimiento 2014/Acuse de recibido Sexta Condicionante Octubre 2014.pdf,,,0,0,0,clientes/19/LAU/Evidencias de cumplimiento 2014
226,MANUAL MERCADO COLIMA.pdf,,12/11/2014 20:27,0000-00-00,clientes/4/MANUAL MERCADO COLIMA.pdf,,,0,0,0,clientes/4
231,Saleen-S281-Rear.jpg,,14/11/2014 16:09,0000-00-00,clientes/4/Cuarta/Saleen-S281-Rear.jpg,,,0,0,0,clientes/4/Cuarta
232,maestrosdelweb-curso-django.pdf,,14/11/2014 16:33,0000-00-00,clientes/4/maestrosdelweb-curso-django.pdf,,,0,0,0,clientes/4
233,Saleen-S281-Side.JPG,,14/11/2014 17:20,0000-00-00,clientes/4/Cuarta/Saleen-S281-Side.JPG,,,0,0,0,clientes/4/Cuarta
234,Aprendiendo UML en 24 horas.pdf,,14/11/2014 17:22,0000-00-00,clientes/4/Aprendiendo UML en 24 horas.pdf,,,0,0,0,clientes/4
235,Libro laravel v4.pdf,,14/11/2014 17:33,0000-00-00,clientes/4/Libro laravel v4.pdf,,,0,0,0,clientes/4
236,Akiton Acta Constitutiva..pdf,,02/12/2014 22:02,0000-00-00,clientes/24/Documentos legales/Akiton Acta Constitutiva..pdf,,,0,0,0,clientes/24/Documentos legales
237,asemblea to take out Nazar and leave only danny and chuck july 9 2014 .pdf,,02/12/2014 22:03,0000-00-00,clientes/24/Documentos legales/asemblea to take out Nazar and leave only danny and chuck july 9 2014 .pdf,,,0,0,0,clientes/24/Documentos legales
238,Contrato de arrendamiento.pdf,,02/12/2014 22:04,0000-00-00,clientes/24/Documentos legales/Contrato de arrendamiento.pdf,,,0,0,0,clientes/24/Documentos legales
239,Dictamen de Uso de Suelo.pdf,,02/12/2014 22:04,0000-00-00,clientes/24/Documentos legales/Dictamen de Uso de Suelo.pdf,,,0,0,0,clientes/24/Documentos legales
240,Poder de Arvil Eugene Moses Jr..pdf,,02/12/2014 22:05,0000-00-00,clientes/24/Documentos legales/Poder de Arvil Eugene Moses Jr..pdf,,,0,0,0,clientes/24/Documentos legales
241,Plano de ubicacion de equipos AKITON-Layout1.pdf,,02/12/2014 22:08,0000-00-00,clientes/24/Documentos para solicitud de LAU/Plano de ubicacion de equipos AKITON-Layout1.pdf,,,0,0,0,clientes/24/Documentos para solicitud de LAU
242,LAU-06-006-2011 Actualización.pdf,,02/12/2014 22:16,0000-00-00,clientes/3/LAU/LAU-06-006-2011 Actualización.pdf,,,0,0,0,clientes/3/LAU
243,Acuse de ingresada la Solicitud de la LAU.pdf,,04/12/2014 17:44,0000-00-00,clientes/24/Documentos para solicitud de LAU/Acuse de ingresada la Solicitud de la LAU.pdf,,,0,0,0,clientes/24/Documentos para solicitud de LAU
244,Acuse de aviso de pruebas.pdf,,04/12/2014 17:44,0000-00-00,clientes/24/Documentos para solicitud de LAU/Acuse de aviso de pruebas.pdf,,,0,0,0,clientes/24/Documentos para solicitud de LAU
245,Manifiesto 141 de Coco.pdf,,05/05/2015 22:46,0000-00-00,clientes/20/En Materia de Residuos Peligrosos/Manifiestos generados/Manifiesto 141 de Coco.pdf,,,0,0,0,clientes/20/En Materia de Residuos Peligrosos/Manifiestos generados
246,Manifiesto 142 de AHK.pdf,,05/05/2015 22:54,0000-00-00,clientes/21/En Materia de Residuos Peligrosos/Manifiestos generados/Manifiesto 142 de AHK.pdf,,,0,0,0,clientes/21/En Materia de Residuos Peligrosos/Manifiestos generados
248,LAU-06-004-2015  AKITON.pdf,,10/05/2015 14:46,0000-00-00,clientes/24/LAU-06-004-2015  AKITON.pdf,,,0,0,0,clientes/24
249,Resolutivo IMADES Akiton.pdf,,10/05/2015 14:49,0000-00-00,clientes/24/Resolutivo IMADES Akiton.pdf,,,0,0,0,clientes/24
250,Akiton_Programa de cumplimiento a Actividades.xlsx,,10/05/2015 14:53,0000-00-00,clientes/24/Akiton_Programa de cumplimiento a Actividades.xlsx,,,0,0,0,clientes/24
251,LAU Requerimiento de información.pdf,,10/05/2015 14:56,0000-00-00,clientes/24/Documentos para solicitud de LAU/LAU Requerimiento de información.pdf,,,0,0,0,clientes/24/Documentos para solicitud de LAU
252,CEB060091111_2013.coa,,10/08/2015 12:19,0000-00-00,clientes/25/2013/COA/CEB060091111_2013.coa,,,0,0,0,clientes/25/2013/COA
253,CEB060091111_2013.doc,,10/08/2015 12:19,0000-00-00,clientes/25/2013/COA/CEB060091111_2013.doc,,,0,0,0,clientes/25/2013/COA
254,COA CEB060091111_2013.pdf,,10/08/2015 12:19,0000-00-00,clientes/25/2013/COA/COA CEB060091111_2013.pdf,,,0,0,0,clientes/25/2013/COA
255,Documento de entrega.docx,,10/08/2015 12:19,0000-00-00,clientes/25/2013/COA/Documento de entrega.docx,,,0,0,0,clientes/25/2013/COA
256,CEB060091111_2013.coa,,10/08/2015 12:21,0000-00-00,clientes/25/2013/COA/2da Oportunidad/CEB060091111_2013.coa,,,0,0,0,clientes/25/2013/COA/2da Oportunidad
257,CEB060091111_2013.doc,,10/08/2015 12:21,0000-00-00,clientes/25/2013/COA/2da Oportunidad/CEB060091111_2013.doc,,,0,0,0,clientes/25/2013/COA/2da Oportunidad
258,PORTADA CD.pptx,,10/08/2015 12:21,0000-00-00,clientes/25/2013/COA/2da Oportunidad/PORTADA CD.pptx,,,0,0,0,clientes/25/2013/COA/2da Oportunidad
259,CONAGUA.pdf,,10/08/2015 12:24,0000-00-00,clientes/25/2014/CONAGUA/CONAGUA.pdf,,,0,0,0,clientes/25/2014/CONAGUA
260,Documento de solicitud Prórroga.docx,,10/08/2015 12:24,0000-00-00,clientes/25/2014/CONAGUA/Documento de solicitud Prórroga.docx,,,0,0,0,clientes/25/2014/CONAGUA
261,Invitación a pagar.pdf,,10/08/2015 12:24,0000-00-00,clientes/25/2014/CONAGUA/Invitación a pagar.pdf,,,0,0,0,clientes/25/2014/CONAGUA
262,Requerimiento de información.pdf,,10/08/2015 12:24,0000-00-00,clientes/25/2014/CONAGUA/Requerimiento de información.pdf,,,0,0,0,clientes/25/2014/CONAGUA
313,Manifiesto 0005_Coco Colima.pdf,,03/02/2016 15:12,0000-00-00,clientes/2/Manifiestos /Manifiesto 0005_Coco Colima.pdf,,,0,0,0,clientes/2/Manifiestos 
314,Manifiesto 0025_Coco Colima.pdf,,03/02/2016 15:12,0000-00-00,clientes/2/Manifiestos /Manifiesto 0025_Coco Colima.pdf,,,0,0,0,clientes/2/Manifiestos 
315,Manifiesto 0026_Coco Colima.pdf,,03/02/2016 15:12,0000-00-00,clientes/2/Manifiestos /Manifiesto 0026_Coco Colima.pdf,,,0,0,0,clientes/2/Manifiestos 
316,Manifiesto 0027_Marindustrias.pdf,,03/02/2016 15:12,0000-00-00,clientes/2/Manifiestos /Manifiesto 0027_Marindustrias.pdf,,,0,0,0,clientes/2/Manifiestos 
317,Manifiesto 0028_Marfrigo.pdf,,03/02/2016 15:12,0000-00-00,clientes/2/Manifiestos /Manifiesto 0028_Marfrigo.pdf,,,0,0,0,clientes/2/Manifiestos 
318,Manifiesto 0029_Marítima y servicios.pdf,,03/02/2016 15:12,0000-00-00,clientes/2/Manifiestos /Manifiesto 0029_Marítima y servicios.pdf,,,0,0,0,clientes/2/Manifiestos 
319,Manifiesto 0034_Marindustrias.pdf,,03/02/2016 15:12,0000-00-00,clientes/2/Manifiestos /Manifiesto 0034_Marindustrias.pdf,,,0,0,0,clientes/2/Manifiestos 
320,Manifiesto 0038_Terminal Marítima Mzo.pdf,,03/02/2016 15:12,0000-00-00,clientes/2/Manifiestos /Manifiesto 0038_Terminal Marítima Mzo.pdf,,,0,0,0,clientes/2/Manifiestos 
321,Manifiesto 0044_Concepción Llerenas Tejeda.pdf,,03/02/2016 15:12,0000-00-00,clientes/2/Manifiestos /Manifiesto 0044_Concepción Llerenas Tejeda.pdf,,,0,0,0,clientes/2/Manifiestos 
322,Manifiesto 0056_Coco Colima.pdf,,03/02/2016 15:14,0000-00-00,clientes/2/Manifiestos /Manifiesto 0056_Coco Colima.pdf,,,0,0,0,clientes/2/Manifiestos 
323,Manifiesto 0086_Copisistemas (2).pdf,,03/02/2016 15:14,0000-00-00,clientes/2/Manifiestos /Manifiesto 0086_Copisistemas (2).pdf,,,0,0,0,clientes/2/Manifiestos 
324,Manifiesto 0086_Copisistemas.pdf,,03/02/2016 15:14,0000-00-00,clientes/2/Manifiestos /Manifiesto 0086_Copisistemas.pdf,,,0,0,0,clientes/2/Manifiestos 
325,Manifiesto 0088_Marindustrias.pdf,,03/02/2016 15:14,0000-00-00,clientes/2/Manifiestos /Manifiesto 0088_Marindustrias.pdf,,,0,0,0,clientes/2/Manifiestos 
326,Manifiesto 0090_CFE.pdf,,03/02/2016 15:14,0000-00-00,clientes/2/Manifiestos /Manifiesto 0090_CFE.pdf,,,0,0,0,clientes/2/Manifiestos 
327,Manifiesto 0090_Marítima y Servicios.pdf,,03/02/2016 15:14,0000-00-00,clientes/2/Manifiestos /Manifiesto 0090_Marítima y Servicios.pdf,,,0,0,0,clientes/2/Manifiestos 
328,Manifiesto 0092 _CFE.pdf,,03/02/2016 15:14,0000-00-00,clientes/2/Manifiestos /Manifiesto 0092 _CFE.pdf,,,0,0,0,clientes/2/Manifiestos 
329,Manifiesto 0094_CFE.pdf,,03/02/2016 15:14,0000-00-00,clientes/2/Manifiestos /Manifiesto 0094_CFE.pdf,,,0,0,0,clientes/2/Manifiestos 
330,Manifiesto 0096_Marítima y Servicios.pdf,,03/02/2016 15:14,0000-00-00,clientes/2/Manifiestos /Manifiesto 0096_Marítima y Servicios.pdf,,,0,0,0,clientes/2/Manifiestos 
331,Manifiesto 0097_Marfrigo.pdf,,03/02/2016 15:14,0000-00-00,clientes/2/Manifiestos /Manifiesto 0097_Marfrigo.pdf,,,0,0,0,clientes/2/Manifiestos 
332,Manifiesto 0099_Marindustrias.pdf,,03/02/2016 15:14,0000-00-00,clientes/2/Manifiestos /Manifiesto 0099_Marindustrias.pdf,,,0,0,0,clientes/2/Manifiestos 
333,Manifiesto 0117_Coco es.pdf,,03/02/2016 15:18,0000-00-00,clientes/2/Manifiestos /Manifiesto 0117_Coco es.pdf,,,0,0,0,clientes/2/Manifiestos 
334,Manifiesto 0122_ASA.pdf,,03/02/2016 15:18,0000-00-00,clientes/2/Manifiestos /Manifiesto 0122_ASA.pdf,,,0,0,0,clientes/2/Manifiestos 
335,Manifiesto 0123_Claudio Martínez.pdf,,03/02/2016 15:18,0000-00-00,clientes/2/Manifiestos /Manifiesto 0123_Claudio Martínez.pdf,,,0,0,0,clientes/2/Manifiestos 
336,Manifiesto 0131_Marindustrias (2).pdf,,03/02/2016 15:18,0000-00-00,clientes/2/Manifiestos /Manifiesto 0131_Marindustrias (2).pdf,,,0,0,0,clientes/2/Manifiestos 
337,Manifiesto 0131_Marindustrias (3).pdf,,03/02/2016 15:18,0000-00-00,clientes/2/Manifiestos /Manifiesto 0131_Marindustrias (3).pdf,,,0,0,0,clientes/2/Manifiestos 
338,Manifiesto 0131_Marindustrias.pdf,,03/02/2016 15:18,0000-00-00,clientes/2/Manifiestos /Manifiesto 0131_Marindustrias.pdf,,,0,0,0,clientes/2/Manifiestos 
339,Manifiesto 0132_Marindustrias (2).pdf,,03/02/2016 15:18,0000-00-00,clientes/2/Manifiestos /Manifiesto 0132_Marindustrias (2).pdf,,,0,0,0,clientes/2/Manifiestos 
340,Manifiesto 0132_Marindustrias.pdf,,03/02/2016 15:18,0000-00-00,clientes/2/Manifiestos /Manifiesto 0132_Marindustrias.pdf,,,0,0,0,clientes/2/Manifiestos 
341,Manifiesto 0133_Copisistemas.pdf,,03/02/2016 15:18,0000-00-00,clientes/2/Manifiestos /Manifiesto 0133_Copisistemas.pdf,,,0,0,0,clientes/2/Manifiestos 
342,Manifiesto 0136_Marfrigo.pdf,,03/02/2016 15:18,0000-00-00,clientes/2/Manifiestos /Manifiesto 0136_Marfrigo.pdf,,,0,0,0,clientes/2/Manifiestos 
343,Manifiesto 0137_Marindustrias.pdf,,03/02/2016 15:18,0000-00-00,clientes/2/Manifiestos /Manifiesto 0137_Marindustrias.pdf,,,0,0,0,clientes/2/Manifiestos 
344,Manifiesto 0138_Marindustrias.pdf,,03/02/2016 15:18,0000-00-00,clientes/2/Manifiestos /Manifiesto 0138_Marindustrias.pdf,,,0,0,0,clientes/2/Manifiestos 
345,Manifiesto 0140_Coco Colima.pdf,,03/02/2016 15:18,0000-00-00,clientes/2/Manifiestos /Manifiesto 0140_Coco Colima.pdf,,,0,0,0,clientes/2/Manifiestos 
346,Manifiesto 0141_Coco es (2).pdf,,03/02/2016 15:25,0000-00-00,clientes/2/Manifiestos /Manifiesto 0141_Coco es (2).pdf,,,0,0,0,clientes/2/Manifiestos 
347,Manifiesto 0141_Coco es.pdf,,03/02/2016 15:25,0000-00-00,clientes/2/Manifiestos /Manifiesto 0141_Coco es.pdf,,,0,0,0,clientes/2/Manifiestos 
348,Manifiesto 0142_AHK.pdf,,03/02/2016 15:25,0000-00-00,clientes/2/Manifiestos /Manifiesto 0142_AHK.pdf,,,0,0,0,clientes/2/Manifiestos 
349,Manifiesto 0143_Perforservices.pdf,,03/02/2016 15:25,0000-00-00,clientes/2/Manifiestos /Manifiesto 0143_Perforservices.pdf,,,0,0,0,clientes/2/Manifiestos 
350,Manifiesto 0143a_Perforservices.pdf,,03/02/2016 15:25,0000-00-00,clientes/2/Manifiestos /Manifiesto 0143a_Perforservices.pdf,,,0,0,0,clientes/2/Manifiestos 
351,Manifiesto 0143b_Perforservices.pdf,,03/02/2016 15:25,0000-00-00,clientes/2/Manifiestos /Manifiesto 0143b_Perforservices.pdf,,,0,0,0,clientes/2/Manifiestos 
352,Manifiesto 0144_Copisistemas.pdf,,03/02/2016 15:25,0000-00-00,clientes/2/Manifiestos /Manifiesto 0144_Copisistemas.pdf,,,0,0,0,clientes/2/Manifiestos 
353,Manifiesto 0145_Newbauer.pdf,,03/02/2016 15:25,0000-00-00,clientes/2/Manifiestos /Manifiesto 0145_Newbauer.pdf,,,0,0,0,clientes/2/Manifiestos 
354,Manifiesto 0146_AHK.pdf,,03/02/2016 15:25,0000-00-00,clientes/2/Manifiestos /Manifiesto 0146_AHK.pdf,,,0,0,0,clientes/2/Manifiestos 
355,Manifiesto 0147_Marindustrias.pdf,,03/02/2016 15:25,0000-00-00,clientes/2/Manifiestos /Manifiesto 0147_Marindustrias.pdf,,,0,0,0,clientes/2/Manifiestos 
356,Manifiesto 0148_Marindustrias.pdf,,03/02/2016 15:25,0000-00-00,clientes/2/Manifiestos /Manifiesto 0148_Marindustrias.pdf,,,0,0,0,clientes/2/Manifiestos 
357,Manifiesto 0149_Marindustrias.pdf,,03/02/2016 15:25,0000-00-00,clientes/2/Manifiestos /Manifiesto 0149_Marindustrias.pdf,,,0,0,0,clientes/2/Manifiestos 
358,Manifiesto 149_Marítima y Servicios.pdf,,03/02/2016 15:25,0000-00-00,clientes/2/Manifiestos /Manifiesto 149_Marítima y Servicios.pdf,,,0,0,0,clientes/2/Manifiestos 
359,Manifiesto 0150_Copisistemas.pdf,,03/02/2016 15:25,0000-00-00,clientes/2/Manifiestos /Manifiesto 0150_Copisistemas.pdf,,,0,0,0,clientes/2/Manifiestos 
360,Manifiesto 0151_Cemex.pdf,,03/02/2016 15:25,0000-00-00,clientes/2/Manifiestos /Manifiesto 0151_Cemex.pdf,,,0,0,0,clientes/2/Manifiestos 
361,Manifiesto 0152_Compañía Terminal de Mzo.pdf,,03/02/2016 15:25,0000-00-00,clientes/2/Manifiestos /Manifiesto 0152_Compañía Terminal de Mzo.pdf,,,0,0,0,clientes/2/Manifiestos 
362,Manifiesto 0153_SLT.pdf,,03/02/2016 15:25,0000-00-00,clientes/2/Manifiestos /Manifiesto 0153_SLT.pdf,,,0,0,0,clientes/2/Manifiestos 
363,Manifiesto 0154 _AHK.pdf,,03/02/2016 15:25,0000-00-00,clientes/2/Manifiestos /Manifiesto 0154 _AHK.pdf,,,0,0,0,clientes/2/Manifiestos 
364,Manifiesto 0155_Teresa Flores Pérez.pdf,,03/02/2016 15:25,0000-00-00,clientes/2/Manifiestos /Manifiesto 0155_Teresa Flores Pérez.pdf,,,0,0,0,clientes/2/Manifiestos 
365,Manifiesto 0156_Copisistemas.pdf,,03/02/2016 15:25,0000-00-00,clientes/2/Manifiestos /Manifiesto 0156_Copisistemas.pdf,,,0,0,0,clientes/2/Manifiestos 
366,Manifiesto 0157_AHK.pdf,,03/02/2016 15:32,0000-00-00,clientes/2/Manifiestos /Manifiesto 0157_AHK.pdf,,,0,0,0,clientes/2/Manifiestos 
367,Manifiesto 0158a_ASA.pdf,,03/02/2016 15:32,0000-00-00,clientes/2/Manifiestos /Manifiesto 0158a_ASA.pdf,,,0,0,0,clientes/2/Manifiestos 
368,Manifiesto 0158-a_ASA.pdf,,03/02/2016 15:32,0000-00-00,clientes/2/Manifiestos /Manifiesto 0158-a_ASA.pdf,,,0,0,0,clientes/2/Manifiestos 
369,Manifiesto 0159_Marindustrias.pdf,,03/02/2016 15:32,0000-00-00,clientes/2/Manifiestos /Manifiesto 0159_Marindustrias.pdf,,,0,0,0,clientes/2/Manifiestos 
370,Manifiesto 160_Marítima y Servicios.pdf,,03/02/2016 15:32,0000-00-00,clientes/2/Manifiestos /Manifiesto 160_Marítima y Servicios.pdf,,,0,0,0,clientes/2/Manifiestos 
371,Manifiesto 0161_Marindustrias.pdf,,03/02/2016 15:32,0000-00-00,clientes/2/Manifiestos /Manifiesto 0161_Marindustrias.pdf,,,0,0,0,clientes/2/Manifiestos 
372,Manifiesto 0162_Marindustrias.pdf,,03/02/2016 15:32,0000-00-00,clientes/2/Manifiestos /Manifiesto 0162_Marindustrias.pdf,,,0,0,0,clientes/2/Manifiestos 
373,Manifiesto 0163_Coco es (2).pdf,,03/02/2016 15:32,0000-00-00,clientes/2/Manifiestos /Manifiesto 0163_Coco es (2).pdf,,,0,0,0,clientes/2/Manifiestos 
374,Manifiesto 0163_Coco es.pdf,,03/02/2016 15:32,0000-00-00,clientes/2/Manifiestos /Manifiesto 0163_Coco es.pdf,,,0,0,0,clientes/2/Manifiestos 
375,Manifiesto 0164_Marindustrias.pdf,,03/02/2016 15:32,0000-00-00,clientes/2/Manifiestos /Manifiesto 0164_Marindustrias.pdf,,,0,0,0,clientes/2/Manifiestos 
376,Manifiesto 0165_AHK.pdf,,03/02/2016 15:32,0000-00-00,clientes/2/Manifiestos /Manifiesto 0165_AHK.pdf,,,0,0,0,clientes/2/Manifiestos 
377,Manifiesto 0166_AHK.pdf,,03/02/2016 15:32,0000-00-00,clientes/2/Manifiestos /Manifiesto 0166_AHK.pdf,,,0,0,0,clientes/2/Manifiestos 
378,Manifiesto 0167_Copisistemas.pdf,,03/02/2016 15:32,0000-00-00,clientes/2/Manifiestos /Manifiesto 0167_Copisistemas.pdf,,,0,0,0,clientes/2/Manifiestos 
379,Manifiesto 0168_Marindustrias.pdf,,03/02/2016 15:32,0000-00-00,clientes/2/Manifiestos /Manifiesto 0168_Marindustrias.pdf,,,0,0,0,clientes/2/Manifiestos 
380,Manifiesto 0169_Marfrigo.pdf,,03/02/2016 15:32,0000-00-00,clientes/2/Manifiestos /Manifiesto 0169_Marfrigo.pdf,,,0,0,0,clientes/2/Manifiestos 
381,Manifiesto 0170_Marindustrias.pdf,,03/02/2016 15:32,0000-00-00,clientes/2/Manifiestos /Manifiesto 0170_Marindustrias.pdf,,,0,0,0,clientes/2/Manifiestos 
382,Manifiesto 0171_Marítimas y Servicios.pdf,,03/02/2016 15:37,0000-00-00,clientes/2/Manifiestos /Manifiesto 0171_Marítimas y Servicios.pdf,,,0,0,0,clientes/2/Manifiestos 
383,Manifiesto 0172_Coco Colima.pdf,,03/02/2016 15:37,0000-00-00,clientes/2/Manifiestos /Manifiesto 0172_Coco Colima.pdf,,,0,0,0,clientes/2/Manifiestos 
384,Manifiesto 0173_María Mercedes Díaz.pdf,,03/02/2016 15:37,0000-00-00,clientes/2/Manifiestos /Manifiesto 0173_María Mercedes Díaz.pdf,,,0,0,0,clientes/2/Manifiestos 
385,Manifiesto 0174_AHK.pdf,,03/02/2016 15:37,0000-00-00,clientes/2/Manifiestos /Manifiesto 0174_AHK.pdf,,,0,0,0,clientes/2/Manifiestos 
386,Manifiesto 0175_Grupomar.pdf,,03/02/2016 15:37,0000-00-00,clientes/2/Manifiestos /Manifiesto 0175_Grupomar.pdf,,,0,0,0,clientes/2/Manifiestos 
387,Manifiesto 0176_Grupomar.pdf,,03/02/2016 15:37,0000-00-00,clientes/2/Manifiestos /Manifiesto 0176_Grupomar.pdf,,,0,0,0,clientes/2/Manifiestos 
388,Manifiesto 0177_Grupomar.pdf,,03/02/2016 15:37,0000-00-00,clientes/2/Manifiestos /Manifiesto 0177_Grupomar.pdf,,,0,0,0,clientes/2/Manifiestos 
389,Manifiesto 0178_Grupomar.pdf,,03/02/2016 15:37,0000-00-00,clientes/2/Manifiestos /Manifiesto 0178_Grupomar.pdf,,,0,0,0,clientes/2/Manifiestos 
390,Manifiesto 0179_Grupomar.pdf,,03/02/2016 15:37,0000-00-00,clientes/2/Manifiestos /Manifiesto 0179_Grupomar.pdf,,,0,0,0,clientes/2/Manifiestos 
391,Manifiesto 0180_Grupomar.pdf,,03/02/2016 15:37,0000-00-00,clientes/2/Manifiestos /Manifiesto 0180_Grupomar.pdf,,,0,0,0,clientes/2/Manifiestos 
392,Manifiesto 0181_AHK.pdf,,03/02/2016 15:37,0000-00-00,clientes/2/Manifiestos /Manifiesto 0181_AHK.pdf,,,0,0,0,clientes/2/Manifiestos 
393,Manifiesto 0182_Sigifredo Gudiño Toscano (Citrojugo planta b).pdf,,03/02/2016 15:37,0000-00-00,clientes/2/Manifiestos /Manifiesto 0182_Sigifredo Gudiño Toscano (Citrojugo planta b).pdf,,,0,0,0,clientes/2/Manifiestos 
394,Manifiesto 0183_Detecsa.pdf,,03/02/2016 15:37,0000-00-00,clientes/2/Manifiestos /Manifiesto 0183_Detecsa.pdf,,,0,0,0,clientes/2/Manifiestos 
395,Manifiesto 0184_Copisistemas.pdf,,03/02/2016 15:37,0000-00-00,clientes/2/Manifiestos /Manifiesto 0184_Copisistemas.pdf,,,0,0,0,clientes/2/Manifiestos 
396,Manifiesto 0185_AHK.pdf,,03/02/2016 15:38,0000-00-00,clientes/2/Manifiestos /Manifiesto 0185_AHK.pdf,,,0,0,0,clientes/2/Manifiestos 
397,Manifiesto 0186_Cocoesb.pdf,,03/02/2016 15:45,0000-00-00,clientes/2/Manifiestos /Manifiesto 0186_Cocoesb.pdf,,,0,0,0,clientes/2/Manifiestos 
398,Manifiesto 0187_AHK.pdf,,03/02/2016 15:45,0000-00-00,clientes/2/Manifiestos /Manifiesto 0187_AHK.pdf,,,0,0,0,clientes/2/Manifiestos 
399,Manifiesto 0188_Mepac.pdf,,03/02/2016 15:45,0000-00-00,clientes/2/Manifiestos /Manifiesto 0188_Mepac.pdf,,,0,0,0,clientes/2/Manifiestos 
400,Manifiesto 0189_Marindustrias.pdf,,03/02/2016 15:45,0000-00-00,clientes/2/Manifiestos /Manifiesto 0189_Marindustrias.pdf,,,0,0,0,clientes/2/Manifiestos 
401,Manifiesto 0190_Marindustrias.pdf,,03/02/2016 15:45,0000-00-00,clientes/2/Manifiestos /Manifiesto 0190_Marindustrias.pdf,,,0,0,0,clientes/2/Manifiestos 
402,Manifiesto 0193_Copisistemas.pdf,,03/02/2016 15:45,0000-00-00,clientes/2/Manifiestos /Manifiesto 0193_Copisistemas.pdf,,,0,0,0,clientes/2/Manifiestos 
403,Manifiesto 0194_Coco Colima.pdf,,03/02/2016 15:45,0000-00-00,clientes/2/Manifiestos /Manifiesto 0194_Coco Colima.pdf,,,0,0,0,clientes/2/Manifiestos 
404,Manifiesto 0195_Coco Colima.pdf,,03/02/2016 15:45,0000-00-00,clientes/2/Manifiestos /Manifiesto 0195_Coco Colima.pdf,,,0,0,0,clientes/2/Manifiestos 
405,Manifiesto 0197_Detecsa.pdf,,03/02/2016 15:45,0000-00-00,clientes/2/Manifiestos /Manifiesto 0197_Detecsa.pdf,,,0,0,0,clientes/2/Manifiestos 
406,Manifiesto 0198_AHK.pdf,,03/02/2016 15:45,0000-00-00,clientes/2/Manifiestos /Manifiesto 0198_AHK.pdf,,,0,0,0,clientes/2/Manifiestos 
407,Manifiesto 0199_Citrojugo.pdf,,03/02/2016 15:45,0000-00-00,clientes/2/Manifiestos /Manifiesto 0199_Citrojugo.pdf,,,0,0,0,clientes/2/Manifiestos 
408,Manifiesto 0199_Sigifredo Gudiño Toscano (Citrojugo planta b).pdf,,03/02/2016 15:45,0000-00-00,clientes/2/Manifiestos /Manifiesto 0199_Sigifredo Gudiño Toscano (Citrojugo planta b).pdf,,,0,0,0,clientes/2/Manifiestos 
409,Manifiesto 0200_AHK.pdf,,03/02/2016 15:45,0000-00-00,clientes/2/Manifiestos /Manifiesto 0200_AHK.pdf,,,0,0,0,clientes/2/Manifiestos 
410,Manifiesto 0201_Ocupa.pdf,,03/02/2016 15:45,0000-00-00,clientes/2/Manifiestos /Manifiesto 0201_Ocupa.pdf,,,0,0,0,clientes/2/Manifiestos 
411,Manifiesto 0202_CFE.pdf,,03/02/2016 15:45,0000-00-00,clientes/2/Manifiestos /Manifiesto 0202_CFE.pdf,,,0,0,0,clientes/2/Manifiestos 
412,Manifiesto 0203_Copisistemas.pdf,,03/02/2016 15:45,0000-00-00,clientes/2/Manifiestos /Manifiesto 0203_Copisistemas.pdf,,,0,0,0,clientes/2/Manifiestos 
413,Manifiesto 0204_AHK.pdf,,03/02/2016 15:45,0000-00-00,clientes/2/Manifiestos /Manifiesto 0204_AHK.pdf,,,0,0,0,clientes/2/Manifiestos 
414,Manifiesto 0205_Marindustrias.pdf,,03/02/2016 15:45,0000-00-00,clientes/2/Manifiestos /Manifiesto 0205_Marindustrias.pdf,,,0,0,0,clientes/2/Manifiestos 
415,Manifiesto 0206_Marindustrias.pdf,,03/02/2016 15:55,0000-00-00,clientes/2/Manifiestos /Manifiesto 0206_Marindustrias.pdf,,,0,0,0,clientes/2/Manifiestos 
416,Manifiesto 0207_Marindustrias.pdf,,03/02/2016 15:55,0000-00-00,clientes/2/Manifiestos /Manifiesto 0207_Marindustrias.pdf,,,0,0,0,clientes/2/Manifiestos 
417,Manifiesto 0208_Marindustrias.pdf,,03/02/2016 15:55,0000-00-00,clientes/2/Manifiestos /Manifiesto 0208_Marindustrias.pdf,,,0,0,0,clientes/2/Manifiestos 
418,Manifiesto 0209_AHK.pdf,,03/02/2016 15:55,0000-00-00,clientes/2/Manifiestos /Manifiesto 0209_AHK.pdf,,,0,0,0,clientes/2/Manifiestos 
419,Manifiesto 0209_Coco Colima.pdf,,03/02/2016 15:55,0000-00-00,clientes/2/Manifiestos /Manifiesto 0209_Coco Colima.pdf,,,0,0,0,clientes/2/Manifiestos 
420,Manifiesto 0210_Coco Colima.pdf,,03/02/2016 15:55,0000-00-00,clientes/2/Manifiestos /Manifiesto 0210_Coco Colima.pdf,,,0,0,0,clientes/2/Manifiestos 
421,Manifiesto 0211_AHK.pdf,,03/02/2016 15:55,0000-00-00,clientes/2/Manifiestos /Manifiesto 0211_AHK.pdf,,,0,0,0,clientes/2/Manifiestos 
422,Manifiesto 0215_Marítima y Servicios.pdf,,03/02/2016 15:55,0000-00-00,clientes/2/Manifiestos /Manifiesto 0215_Marítima y Servicios.pdf,,,0,0,0,clientes/2/Manifiestos 
423,Manifiesto 0216_Marfrigo.pdf,,03/02/2016 15:55,0000-00-00,clientes/2/Manifiestos /Manifiesto 0216_Marfrigo.pdf,,,0,0,0,clientes/2/Manifiestos 
424,Manifiesto 0217_Marindustrias.pdf,,03/02/2016 15:55,0000-00-00,clientes/2/Manifiestos /Manifiesto 0217_Marindustrias.pdf,,,0,0,0,clientes/2/Manifiestos 
425,Manifiesto 0218_Marindustrias.pdf,,03/02/2016 15:55,0000-00-00,clientes/2/Manifiestos /Manifiesto 0218_Marindustrias.pdf,,,0,0,0,clientes/2/Manifiestos 
426,Manifiesto 0219_Coco es.pdf,,03/02/2016 15:55,0000-00-00,clientes/2/Manifiestos /Manifiesto 0219_Coco es.pdf,,,0,0,0,clientes/2/Manifiestos 
427,Manifiesto 0220_AHK (2).pdf,,03/02/2016 15:55,0000-00-00,clientes/2/Manifiestos /Manifiesto 0220_AHK (2).pdf,,,0,0,0,clientes/2/Manifiestos 
428,Manifiesto 0220_AHK.pdf,,03/02/2016 15:55,0000-00-00,clientes/2/Manifiestos /Manifiesto 0220_AHK.pdf,,,0,0,0,clientes/2/Manifiestos 
429,Manifiesto 0220_Copisistemas.pdf,,03/02/2016 15:55,0000-00-00,clientes/2/Manifiestos /Manifiesto 0220_Copisistemas.pdf,,,0,0,0,clientes/2/Manifiestos 
430,Manifiesto 0221_Coco es.pdf,,03/02/2016 15:55,0000-00-00,clientes/2/Manifiestos /Manifiesto 0221_Coco es.pdf,,,0,0,0,clientes/2/Manifiestos 
432,Manifiesto 0223_Marindustrias.pdf,,03/02/2016 15:55,0000-00-00,clientes/2/Manifiestos /Manifiesto 0223_Marindustrias.pdf,,,0,0,0,clientes/2/Manifiestos 
433,Manifiesto 0224_Marindustrias.pdf,,03/02/2016 15:55,0000-00-00,clientes/2/Manifiestos /Manifiesto 0224_Marindustrias.pdf,,,0,0,0,clientes/2/Manifiestos 
434,Manifiesto 0225_Marítima y Servicios.pdf,,03/02/2016 15:55,0000-00-00,clientes/2/Manifiestos /Manifiesto 0225_Marítima y Servicios.pdf,,,0,0,0,clientes/2/Manifiestos 
435,Manifiesto 0226_Marfrigo.pdf,,03/02/2016 16:16,0000-00-00,clientes/2/Manifiestos /Manifiesto 0226_Marfrigo.pdf,,,0,0,0,clientes/2/Manifiestos 
436,Manifiesto 0227_Marindustrias.pdf,,03/02/2016 16:16,0000-00-00,clientes/2/Manifiestos /Manifiesto 0227_Marindustrias.pdf,,,0,0,0,clientes/2/Manifiestos 
437,Manifiesto 0228 _AHK.pdf,,03/02/2016 16:16,0000-00-00,clientes/2/Manifiestos /Manifiesto 0228 _AHK.pdf,,,0,0,0,clientes/2/Manifiestos 
438,Manifiesto 0236_Marindustrias.pdf,,03/02/2016 16:16,0000-00-00,clientes/2/Manifiestos /Manifiesto 0236_Marindustrias.pdf,,,0,0,0,clientes/2/Manifiestos 
439,Manifiesto 0237_Marindustrias.pdf,,03/02/2016 16:16,0000-00-00,clientes/2/Manifiestos /Manifiesto 0237_Marindustrias.pdf,,,0,0,0,clientes/2/Manifiestos 
440,Manifiesto 0239_AHK.pdf,,03/02/2016 16:16,0000-00-00,clientes/2/Manifiestos /Manifiesto 0239_AHK.pdf,,,0,0,0,clientes/2/Manifiestos 
441,Manifiesto 0005_Coco Colima.pdf,,08/02/2016 11:41,0000-00-00,clientes/20/Manifiestos /Manifiesto 0005_Coco Colima.pdf,,,0,0,0,clientes/20/Manifiestos 
446,Manifiesto 0025_Coco Colima.pdf,,08/02/2016 11:41,0000-00-00,clientes/20/Manifiestos /Manifiesto 0025_Coco Colima.pdf,,,0,0,0,clientes/20/Manifiestos 
523,Manifiesto 0027_Marindustrias.pdf,,08/02/2016 12:25,0000-00-00,clientes/26/Manifiestos /Manifiesto 0027_Marindustrias.pdf,,,0,0,0,clientes/26/Manifiestos 
524,Manifiesto 0034_Marindustrias.pdf,,08/02/2016 12:26,0000-00-00,clientes/26/Manifiestos /Manifiesto 0034_Marindustrias.pdf,,,0,0,0,clientes/26/Manifiestos 
525,Manifiesto 0088_Marindustrias.pdf,,08/02/2016 12:28,0000-00-00,clientes/26/Manifiestos /Manifiesto 0088_Marindustrias.pdf,,,0,0,0,clientes/26/Manifiestos 
526,Manifiesto 0099_Marindustrias.pdf,,08/02/2016 12:28,0000-00-00,clientes/26/Manifiestos /Manifiesto 0099_Marindustrias.pdf,,,0,0,0,clientes/26/Manifiestos 
527,Manifiesto 0131_Marindustrias.pdf,,08/02/2016 12:30,0000-00-00,clientes/26/Manifiestos /Manifiesto 0131_Marindustrias.pdf,,,0,0,0,clientes/26/Manifiestos 
528,Manifiesto 0131_Marindustrias (2).pdf,,08/02/2016 12:31,0000-00-00,clientes/26/Manifiestos /Manifiesto 0131_Marindustrias (2).pdf,,,0,0,0,clientes/26/Manifiestos 
529,Manifiesto 0131_Marindustrias (3).pdf,,08/02/2016 12:33,0000-00-00,clientes/26/Manifiestos /Manifiesto 0131_Marindustrias (3).pdf,,,0,0,0,clientes/26/Manifiestos 
530,Manifiesto 0132_Marindustrias.pdf,,08/02/2016 12:33,0000-00-00,clientes/26/Manifiestos /Manifiesto 0132_Marindustrias.pdf,,,0,0,0,clientes/26/Manifiestos 
531,Manifiesto 0132_Marindustrias (2).pdf,,08/02/2016 12:34,0000-00-00,clientes/26/Manifiestos /Manifiesto 0132_Marindustrias (2).pdf,,,0,0,0,clientes/26/Manifiestos 
532,Manifiesto 0137_Marindustrias.pdf,,08/02/2016 12:37,0000-00-00,clientes/26/Manifiestos /Manifiesto 0137_Marindustrias.pdf,,,0,0,0,clientes/26/Manifiestos 
533,Manifiesto 0138_Marindustrias.pdf,,08/02/2016 12:40,0000-00-00,clientes/26/Manifiestos /Manifiesto 0138_Marindustrias.pdf,,,0,0,0,clientes/26/Manifiestos 
537,Manifiesto 0147_Marindustrias.pdf,,08/02/2016 12:45,0000-00-00,clientes/26/Manifiestos /Manifiesto 0147_Marindustrias.pdf,,,0,0,0,clientes/26/Manifiestos 
538,Manifiesto 0148_Marindustrias.pdf,,08/02/2016 12:48,0000-00-00,clientes/26/Manifiestos /Manifiesto 0148_Marindustrias.pdf,,,0,0,0,clientes/26/Manifiestos 
539,Manifiesto 0149_Marindustrias.pdf,,08/02/2016 12:48,0000-00-00,clientes/26/Manifiestos /Manifiesto 0149_Marindustrias.pdf,,,0,0,0,clientes/26/Manifiestos 
540,Manifiesto 0159_Marindustrias.pdf,,08/02/2016 12:49,0000-00-00,clientes/26/Manifiestos /Manifiesto 0159_Marindustrias.pdf,,,0,0,0,clientes/26/Manifiestos 
541,Manifiesto 0161_Marindustrias.pdf,,08/02/2016 12:49,0000-00-00,clientes/26/Manifiestos /Manifiesto 0161_Marindustrias.pdf,,,0,0,0,clientes/26/Manifiestos 
542,Manifiesto 0162_Marindustrias.pdf,,08/02/2016 12:50,0000-00-00,clientes/26/Manifiestos /Manifiesto 0162_Marindustrias.pdf,,,0,0,0,clientes/26/Manifiestos 
543,Manifiesto 0164_Marindustrias.pdf,,08/02/2016 12:51,0000-00-00,clientes/26/Manifiestos /Manifiesto 0164_Marindustrias.pdf,,,0,0,0,clientes/26/Manifiestos 
544,Manifiesto 0168_Marindustrias.pdf,,08/02/2016 12:54,0000-00-00,clientes/26/Manifiestos /Manifiesto 0168_Marindustrias.pdf,,,0,0,0,clientes/26/Manifiestos 
545,Manifiesto 0170_Marindustrias.pdf,,08/02/2016 12:54,0000-00-00,clientes/26/Manifiestos /Manifiesto 0170_Marindustrias.pdf,,,0,0,0,clientes/26/Manifiestos 
546,Manifiesto 0189_Marindustrias.pdf,,08/02/2016 12:55,0000-00-00,clientes/26/Manifiestos /Manifiesto 0189_Marindustrias.pdf,,,0,0,0,clientes/26/Manifiestos 
547,Manifiesto 0190_Marindustrias.pdf,,08/02/2016 12:55,0000-00-00,clientes/26/Manifiestos /Manifiesto 0190_Marindustrias.pdf,,,0,0,0,clientes/26/Manifiestos 
548,Manifiesto 0205_Marindustrias.pdf,,08/02/2016 12:56,0000-00-00,clientes/26/Manifiestos /Manifiesto 0205_Marindustrias.pdf,,,0,0,0,clientes/26/Manifiestos 
549,Manifiesto 0206_Marindustrias.pdf,,08/02/2016 12:56,0000-00-00,clientes/26/Manifiestos /Manifiesto 0206_Marindustrias.pdf,,,0,0,0,clientes/26/Manifiestos 
551,Manifiesto 0207_Marindustrias.pdf,,08/02/2016 12:58,0000-00-00,clientes/26/Manifiestos /Manifiesto 0207_Marindustrias.pdf,,,0,0,0,clientes/26/Manifiestos 
552,Manifiesto 0208_Marindustrias.pdf,,08/02/2016 12:58,0000-00-00,clientes/26/Manifiestos /Manifiesto 0208_Marindustrias.pdf,,,0,0,0,clientes/26/Manifiestos 
554,Manifiesto 0217_Marindustrias.pdf,,08/02/2016 12:59,0000-00-00,clientes/26/Manifiestos /Manifiesto 0217_Marindustrias.pdf,,,0,0,0,clientes/26/Manifiestos 
555,Manifiesto 0218_Marindustrias.pdf,,08/02/2016 12:59,0000-00-00,clientes/26/Manifiestos /Manifiesto 0218_Marindustrias.pdf,,,0,0,0,clientes/26/Manifiestos 
557,Manifiesto 0223_Marindustrias.pdf,,08/02/2016 13:00,0000-00-00,clientes/26/Manifiestos /Manifiesto 0223_Marindustrias.pdf,,,0,0,0,clientes/26/Manifiestos 
559,Manifiesto 0224_Marindustrias.pdf,,08/02/2016 13:01,0000-00-00,clientes/26/Manifiestos /Manifiesto 0224_Marindustrias.pdf,,,0,0,0,clientes/26/Manifiestos 
560,Manifiesto 0227_Marindustrias.pdf,,08/02/2016 13:03,0000-00-00,clientes/26/Manifiestos /Manifiesto 0227_Marindustrias.pdf,,,0,0,0,clientes/26/Manifiestos 
561,Manifiesto 0236_Marindustrias.pdf,,08/02/2016 13:03,0000-00-00,clientes/26/Manifiestos /Manifiesto 0236_Marindustrias.pdf,,,0,0,0,clientes/26/Manifiestos 
562,Manifiesto 0237_Marindustrias.pdf,,08/02/2016 13:03,0000-00-00,clientes/26/Manifiestos /Manifiesto 0237_Marindustrias.pdf,,,0,0,0,clientes/26/Manifiestos 
565,Manifiesto 0117_Coco es.pdf,,08/02/2016 13:08,0000-00-00,clientes/25/Manifiestos /Manifiesto 0117_Coco es.pdf,,,0,0,0,clientes/25/Manifiestos 
566,Manifiesto 0141_Coco es.pdf,,08/02/2016 13:08,0000-00-00,clientes/25/Manifiestos /Manifiesto 0141_Coco es.pdf,,,0,0,0,clientes/25/Manifiestos 
567,Manifiesto 0141_Coco es (2).pdf,,08/02/2016 13:08,0000-00-00,clientes/25/Manifiestos /Manifiesto 0141_Coco es (2).pdf,,,0,0,0,clientes/25/Manifiestos 
568,Manifiesto 0163_Coco es.pdf,,08/02/2016 13:09,0000-00-00,clientes/25/Manifiestos /Manifiesto 0163_Coco es.pdf,,,0,0,0,clientes/25/Manifiestos 
569,Manifiesto 0163_Coco es (2).pdf,,08/02/2016 13:09,0000-00-00,clientes/25/Manifiestos /Manifiesto 0163_Coco es (2).pdf,,,0,0,0,clientes/25/Manifiestos 
570,Manifiesto 0219_Coco es.pdf,,08/02/2016 13:10,0000-00-00,clientes/25/Manifiestos /Manifiesto 0219_Coco es.pdf,,,0,0,0,clientes/25/Manifiestos 
571,Manifiesto 0221_Coco es.pdf,,08/02/2016 13:10,0000-00-00,clientes/25/Manifiestos /Manifiesto 0221_Coco es.pdf,,,0,0,0,clientes/25/Manifiestos 
572,Manifiesto 0026_Coco Colima.pdf,,08/02/2016 13:13,0000-00-00,clientes/20/Manifiestos /Manifiesto 0026_Coco Colima.pdf,,,0,0,0,clientes/20/Manifiestos 
573,Manifiesto 0056_Coco Colima.pdf,,08/02/2016 13:14,0000-00-00,clientes/20/Manifiestos /Manifiesto 0056_Coco Colima.pdf,,,0,0,0,clientes/20/Manifiestos 
574,Manifiesto 0140_Coco Colima.pdf,,08/02/2016 13:15,0000-00-00,clientes/20/Manifiestos /Manifiesto 0140_Coco Colima.pdf,,,0,0,0,clientes/20/Manifiestos 
576,Manifiesto 0172_Coco Colima.pdf,,08/02/2016 13:15,0000-00-00,clientes/20/Manifiestos /Manifiesto 0172_Coco Colima.pdf,,,0,0,0,clientes/20/Manifiestos 
577,Manifiesto 0194_Coco Colima.pdf,,08/02/2016 13:16,0000-00-00,clientes/20/Manifiestos /Manifiesto 0194_Coco Colima.pdf,,,0,0,0,clientes/20/Manifiestos 
578,Manifiesto 0195_Coco Colima.pdf,,08/02/2016 13:16,0000-00-00,clientes/20/Manifiestos /Manifiesto 0195_Coco Colima.pdf,,,0,0,0,clientes/20/Manifiestos 
579,Manifiesto 0209_Coco Colima.pdf,,08/02/2016 13:17,0000-00-00,clientes/20/Manifiestos /Manifiesto 0209_Coco Colima.pdf,,,0,0,0,clientes/20/Manifiestos 
580,Manifiesto 0210_Coco Colima.pdf,,08/02/2016 13:17,0000-00-00,clientes/20/Manifiestos /Manifiesto 0210_Coco Colima.pdf,,,0,0,0,clientes/20/Manifiestos 
581,Manifiesto 0142_AHK.pdf,,08/02/2016 13:22,0000-00-00,clientes/21/Manifiestos/Manifiesto 0142_AHK.pdf,,,0,0,0,clientes/21/Manifiestos
582,Manifiesto 0146_AHK.pdf,,08/02/2016 13:22,0000-00-00,clientes/21/Manifiestos/Manifiesto 0146_AHK.pdf,,,0,0,0,clientes/21/Manifiestos
583,Manifiesto 0154 _AHK.pdf,,08/02/2016 13:23,0000-00-00,clientes/21/Manifiestos/Manifiesto 0154 _AHK.pdf,,,0,0,0,clientes/21/Manifiestos
584,Manifiesto 0157_AHK.pdf,,08/02/2016 13:23,0000-00-00,clientes/21/Manifiestos/Manifiesto 0157_AHK.pdf,,,0,0,0,clientes/21/Manifiestos
585,Manifiesto 0165_AHK.pdf,,08/02/2016 13:24,0000-00-00,clientes/21/Manifiestos/Manifiesto 0165_AHK.pdf,,,0,0,0,clientes/21/Manifiestos
586,Manifiesto 0166_AHK.pdf,,08/02/2016 13:24,0000-00-00,clientes/21/Manifiestos/Manifiesto 0166_AHK.pdf,,,0,0,0,clientes/21/Manifiestos
587,Manifiesto 0174_AHK.pdf,,08/02/2016 13:25,0000-00-00,clientes/21/Manifiestos/Manifiesto 0174_AHK.pdf,,,0,0,0,clientes/21/Manifiestos
588,Manifiesto 0181_AHK.pdf,,08/02/2016 13:27,0000-00-00,clientes/21/Manifiestos/Manifiesto 0181_AHK.pdf,,,0,0,0,clientes/21/Manifiestos
589,Manifiesto 0185_AHK.pdf,,08/02/2016 13:28,0000-00-00,clientes/21/Manifiestos/Manifiesto 0185_AHK.pdf,,,0,0,0,clientes/21/Manifiestos
590,Manifiesto 0187_AHK.pdf,,08/02/2016 13:28,0000-00-00,clientes/21/Manifiestos/Manifiesto 0187_AHK.pdf,,,0,0,0,clientes/21/Manifiestos
591,Manifiesto 0198_AHK.pdf,,08/02/2016 13:29,0000-00-00,clientes/21/Manifiestos/Manifiesto 0198_AHK.pdf,,,0,0,0,clientes/21/Manifiestos
592,Manifiesto 0200_AHK.pdf,,08/02/2016 13:30,0000-00-00,clientes/21/Manifiestos/Manifiesto 0200_AHK.pdf,,,0,0,0,clientes/21/Manifiestos
594,Manifiesto 0204_AHK.pdf,,08/02/2016 13:31,0000-00-00,clientes/21/Manifiestos/Manifiesto 0204_AHK.pdf,,,0,0,0,clientes/21/Manifiestos
595,Manifiesto 0209_AHK.pdf,,08/02/2016 13:31,0000-00-00,clientes/21/Manifiestos/Manifiesto 0209_AHK.pdf,,,0,0,0,clientes/21/Manifiestos
596,Manifiesto 0211_AHK.pdf,,08/02/2016 13:32,0000-00-00,clientes/21/Manifiestos/Manifiesto 0211_AHK.pdf,,,0,0,0,clientes/21/Manifiestos
597,Manifiesto 0220_AHK.pdf,,08/02/2016 13:33,0000-00-00,clientes/21/Manifiestos/Manifiesto 0220_AHK.pdf,,,0,0,0,clientes/21/Manifiestos
598,Manifiesto 0220_AHK (2).pdf,,08/02/2016 13:33,0000-00-00,clientes/21/Manifiestos/Manifiesto 0220_AHK (2).pdf,,,0,0,0,clientes/21/Manifiestos
599,Manifiesto 0228 _AHK.pdf,,08/02/2016 13:33,0000-00-00,clientes/21/Manifiestos/Manifiesto 0228 _AHK.pdf,,,0,0,0,clientes/21/Manifiestos
600,Manifiesto 0239_AHK.pdf,,08/02/2016 13:34,0000-00-00,clientes/21/Manifiestos/Manifiesto 0239_AHK.pdf,,,0,0,0,clientes/21/Manifiestos
601,Manifiesto 0153_SLT.pdf,,08/02/2016 13:37,0000-00-00,clientes/23/Manifiestos /Manifiesto 0153_SLT.pdf,,,0,0,0,clientes/23/Manifiestos 
602,Manifiesto 0282 Rancagua Guzmán.pdf,,25/06/2016 18:08,0000-00-00,clientes/31/Manifiestos liberados/Manifiestos del 2016/Manifiesto 0282 Rancagua Guzmán.pdf,,,0,0,0,clientes/31/Manifiestos liberados/Manifiestos del 2016
603,Manifiesto 0285 Rancagua Colima.pdf,,25/06/2016 18:48,0000-00-00,clientes/5/En Materia de Residuos Peligrosos/Manifiestos liberados/Manifiestos del 2016/Manifiesto 0285 Rancagua Colima.pdf,,,0,0,0,clientes/5/En Materia de Residuos Peligrosos/Manifiestos liberados/Manifiestos del 2016
604,Manifiesto 0292 Rancagua Colima.pdf,,25/06/2016 18:50,0000-00-00,clientes/5/En Materia de Residuos Peligrosos/Manifiestos liberados/Manifiestos del 2016/Manifiesto 0292 Rancagua Colima.pdf,,,0,0,0,clientes/5/En Materia de Residuos Peligrosos/Manifiestos liberados/Manifiestos del 2016
605,Manifiesto 0293 Rancagua Colima.pdf,,25/06/2016 18:50,0000-00-00,clientes/5/En Materia de Residuos Peligrosos/Manifiestos liberados/Manifiestos del 2016/Manifiesto 0293 Rancagua Colima.pdf,,,0,0,0,clientes/5/En Materia de Residuos Peligrosos/Manifiestos liberados/Manifiestos del 2016
607,Manifiesto 0288 Rancagua Mzo Acum.pdf,,25/06/2016 18:54,0000-00-00,clientes/33/En Materia de Residuos Peligrosos/Manifiestos liberados/Manifiestos del 2016/Manifiesto 0288 Rancagua Mzo Acum.pdf,,,0,0,0,clientes/33/En Materia de Residuos Peligrosos/Manifiestos liberados/Manifiestos del 2016
608,Manifiesto 0298 Rancagua Tecomán.pdf,,25/06/2016 18:57,0000-00-00,clientes/34/En Materia de Residuos Peligrosos/Manifiestos liberados/Manifiestos del 2016/Manifiesto 0298 Rancagua Tecomán.pdf,,,0,0,0,clientes/34/En Materia de Residuos Peligrosos/Manifiestos liberados/Manifiestos del 2016
609,Manifiesto 0287 Rancagua V. de A.pdf,,25/06/2016 19:02,0000-00-00,clientes/36/En Materia de Residuos Peligrosos/Manifiestos liberados/Manifiestos del 2016/Manifiesto 0287 Rancagua V. de A.pdf,,,0,0,0,clientes/36/En Materia de Residuos Peligrosos/Manifiestos liberados/Manifiestos del 2016
610,UPS Registro como generador de RP´s.pdf,,01/07/2016 19:31,0000-00-00,clientes/41/En Materia de Residuos Peligrosos/UPS Registro como generador de RP´s.pdf,,,0,0,0,clientes/41/En Materia de Residuos Peligrosos
611,UPS_Registro Generador Residuos Peligrosos (Formato 07-017).xls,,01/07/2016 19:41,0000-00-00,clientes/41/En Materia de Residuos Peligrosos/UPS_Registro Generador Residuos Peligrosos (Formato 07-017).xls,,,0,0,0,clientes/41/En Materia de Residuos Peligrosos
613,Manifiesto 25-02-16 por RP´s.pdf,,01/07/2016 19:58,0000-00-00,clientes/41/En Materia de Residuos Peligrosos/Manifiestos liberados/Manifiesto 25-02-16 por RP´s.pdf,,,0,0,0,clientes/41/En Materia de Residuos Peligrosos/Manifiestos liberados
614,Dictamen de Impacto Ambiental.pdf,,01/07/2016 20:22,0000-00-00,clientes/41/Impacto Ambiental/Dictamen de Impacto Ambiental.pdf,,,0,0,0,clientes/41/Impacto Ambiental
615,resumen_20160701210144987.zip,,01/07/2016 21:16,0000-00-00,clientes/33/En Materia de Residuos Peligrosos/COA Web 2015/resumen_20160701210144987.zip,,,0,0,0,clientes/33/En Materia de Residuos Peligrosos/COA Web 2015
616,Manifiesto 0340 Rancagua Cd. Guzmán.pdf,,06/07/2016 15:35,0000-00-00,clientes/31/Manifiestos provisionales/Manifiesto 0340 Rancagua Cd. Guzmán.pdf,,,0,0,0,clientes/31/Manifiestos provisionales
617,Manifiesto 0346 Rancagua Colima_2.pdf,,08/07/2016 07:31,0000-00-00,clientes/5/En Materia de Residuos Peligrosos/Manifiestos provisionales/Manifiesto 0346 Rancagua Colima_2.pdf,,,0,0,0,clientes/5/En Materia de Residuos Peligrosos/Manifiestos provisionales
618,Manifiesto 0347 Acum Rancagua Colima.pdf,,08/07/2016 07:31,0000-00-00,clientes/5/En Materia de Residuos Peligrosos/Manifiestos provisionales/Manifiesto 0347 Acum Rancagua Colima.pdf,,,0,0,0,clientes/5/En Materia de Residuos Peligrosos/Manifiestos provisionales
619,Krishna Abrajan_Acuse Registro como Generador RPs.pdf,,08/07/2016 14:39,0000-00-00,clientes/40/Expediente en materia Ambiental/Krishna Abrajan_Acuse Registro como Generador RPs.pdf,,,0,0,0,clientes/40/Expediente en materia Ambiental
620,Notificación Semarnat de Trámite ante la ASEA.pdf,,08/07/2016 14:40,0000-00-00,clientes/40/Expediente en materia Ambiental/Notificación Semarnat de Trámite ante la ASEA.pdf,,,0,0,0,clientes/40/Expediente en materia Ambiental
621,Manifiesto 0353 Rancagua Mzo.pdf,,08/07/2016 16:25,0000-00-00,clientes/33/En Materia de Residuos Peligrosos/Manifiestos provisionales/Manifiesto 0353 Rancagua Mzo.pdf,,,0,0,0,clientes/33/En Materia de Residuos Peligrosos/Manifiestos provisionales
622,Manifiesto 0317 Rancagua V. de A.pdf,,09/07/2016 14:39,0000-00-00,clientes/36/En Materia de Residuos Peligrosos/Manifiestos liberados/Manifiestos del 2016/Manifiesto 0317 Rancagua V. de A.pdf,,,0,0,0,clientes/36/En Materia de Residuos Peligrosos/Manifiestos liberados/Manifiestos del 2016
623,Manifiesto 0355 Rancagua V. de A..pdf,,09/07/2016 14:41,0000-00-00,clientes/36/En Materia de Residuos Peligrosos/Manifiestos provisionales/Manifiesto 0355 Rancagua V. de A..pdf,,,0,0,0,clientes/36/En Materia de Residuos Peligrosos/Manifiestos provisionales
624,Manifiesto 0316 Rancagua Colima .pdf,,09/07/2016 14:58,0000-00-00,clientes/5/En Materia de Residuos Peligrosos/Manifiestos liberados/Manifiestos del 2016/Manifiesto 0316 Rancagua Colima .pdf,,,0,0,0,clientes/5/En Materia de Residuos Peligrosos/Manifiestos liberados/Manifiestos del 2016
625,Manifiesto 0323 Rancagua Colima.pdf,,09/07/2016 14:58,0000-00-00,clientes/5/En Materia de Residuos Peligrosos/Manifiestos liberados/Manifiestos del 2016/Manifiesto 0323 Rancagua Colima.pdf,,,0,0,0,clientes/5/En Materia de Residuos Peligrosos/Manifiestos liberados/Manifiestos del 2016
626,Manifiesto 0288 Rancagua Mzo.pdf,,09/07/2016 16:41,0000-00-00,clientes/33/En Materia de Residuos Peligrosos/Manifiestos liberados/Manifiestos del 2016/Manifiesto 0288 Rancagua Mzo.pdf,,,0,0,0,clientes/33/En Materia de Residuos Peligrosos/Manifiestos liberados/Manifiestos del 2016
627,Rancagua Colima_Constancia de Recepción COA2015.pdf,,12/07/2016 22:54,0000-00-00,clientes/5/COA 2015/Rancagua Colima_Constancia de Recepción COA2015.pdf,,,0,0,0,clientes/5/COA 2015
628,resumen_coa2015_Rancagua Colima.zip,,12/07/2016 22:54,0000-00-00,clientes/5/COA 2015/resumen_coa2015_Rancagua Colima.zip,,,0,0,0,clientes/5/COA 2015
629,Rancagua Manzanillo_Constancia de Recepción COA2015.pdf,,12/07/2016 22:57,0000-00-00,clientes/33/COA 2015/Rancagua Manzanillo_Constancia de Recepción COA2015.pdf,,,0,0,0,clientes/33/COA 2015
630,resumen_Rancagua Mzo.zip,,12/07/2016 22:58,0000-00-00,clientes/33/COA 2015/resumen_Rancagua Mzo.zip,,,0,0,0,clientes/33/COA 2015
631,Rancagua Cd Guzmán_Constancia de Recepción COA2015.pdf,,12/07/2016 23:04,0000-00-00,clientes/31/COA 2015/Rancagua Cd Guzmán_Constancia de Recepción COA2015.pdf,,,0,0,0,clientes/31/COA 2015
632,resumen_coa2015_Rancagua Cd. Guzmán.zip,,12/07/2016 23:05,0000-00-00,clientes/31/COA 2015/resumen_coa2015_Rancagua Cd. Guzmán.zip,,,0,0,0,clientes/31/COA 2015
633,Manifiesto 0356 Rancagua Autlán.pdf,,14/07/2016 14:20,0000-00-00,clientes/35/En Materia de Residuos Peligrosos/Manifiestos provisionales/Manifiesto 0356 Rancagua Autlán.pdf,,,0,0,0,clientes/35/En Materia de Residuos Peligrosos/Manifiestos provisionales
634,Manifiesto 0305 Rancagua Autlán.pdf,,14/07/2016 14:23,0000-00-00,clientes/35/En Materia de Residuos Peligrosos/Manifiestos liberados/Manifiestos del 2016/Manifiesto 0305 Rancagua Autlán.pdf,,,0,0,0,clientes/35/En Materia de Residuos Peligrosos/Manifiestos liberados/Manifiestos del 2016
635,Manifiesto 0357 Rancagua Autlán por Acum.pdf,,14/07/2016 14:33,0000-00-00,clientes/35/En Materia de Residuos Peligrosos/Manifiestos provisionales/Manifiesto 0357 Rancagua Autlán por Acum.pdf,,,0,0,0,clientes/35/En Materia de Residuos Peligrosos/Manifiestos provisionales
636,Manifiesto 0324 Rancagua Tecomán.pdf,,14/07/2016 16:13,0000-00-00,clientes/34/En Materia de Residuos Peligrosos/Manifiestos provisionales/Manifiesto 0324 Rancagua Tecomán.pdf,,,0,0,0,clientes/34/En Materia de Residuos Peligrosos/Manifiestos provisionales
637,REGISTRO COMO GENERADOR DE RP'S.pdf,,14/07/2016 21:37,0000-00-00,clientes/35/En Materia de Residuos Peligrosos/REGISTRO COMO GENERADOR DE RP'S.pdf,,,0,0,0,clientes/35/En Materia de Residuos Peligrosos
638,Manifiesto 0301 Rancagua Cd. Guzmán.pdf,,15/07/2016 19:38,0000-00-00,clientes/31/Manifiestos provisionales/Manifiesto 0301 Rancagua Cd. Guzmán.pdf,,,0,0,0,clientes/31/Manifiestos provisionales
639,Manifiesto 0320 Rancagua Cd. Guzmán.pdf,,15/07/2016 19:39,0000-00-00,clientes/31/Manifiestos provisionales/Manifiesto 0320 Rancagua Cd. Guzmán.pdf,,,0,0,0,clientes/31/Manifiestos provisionales
641,Manifiesto 0334 Rancagua Cd. Guzmán.pdf,,15/07/2016 19:52,0000-00-00,clientes/31/Manifiestos provisionales/Manifiesto 0334 Rancagua Cd. Guzmán.pdf,,,0,0,0,clientes/31/Manifiestos provisionales
642,Manifiesto 0306 Rancagua Autlán por Acum.pdf,,15/07/2016 19:55,0000-00-00,clientes/35/En Materia de Residuos Peligrosos/Manifiestos liberados/Manifiestos del 2016/Manifiesto 0306 Rancagua Autlán por Acum.pdf,,,0,0,0,clientes/35/En Materia de Residuos Peligrosos/Manifiestos liberados/Manifiestos del 2016
644,Manifiesto 8483 GUME.pdf,,19/07/2016 12:19,0000-00-00,clientes/18/Residuos Peligrosos//Manifiestos liberados/2012/Manifiesto 8483 GUME.pdf,,,0,0,0,clientes/18/Residuos Peligrosos//Manifiestos liberados/2012
645,Manifiesto 8484 GUME.pdf,,19/07/2016 12:20,0000-00-00,clientes/18/Residuos Peligrosos//Manifiestos liberados/2012/Manifiesto 8484 GUME.pdf,,,0,0,0,clientes/18/Residuos Peligrosos//Manifiestos liberados/2012
646,Manifiesto 8547 GUME.pdf,,19/07/2016 12:21,0000-00-00,clientes/18/Residuos Peligrosos//Manifiestos liberados/2012/Manifiesto 8547 GUME.pdf,,,0,0,0,clientes/18/Residuos Peligrosos//Manifiestos liberados/2012
647,Manifiesto 8706 GUME.pdf,,19/07/2016 12:21,0000-00-00,clientes/18/Residuos Peligrosos//Manifiestos liberados/2012/Manifiesto 8706 GUME.pdf,,,0,0,0,clientes/18/Residuos Peligrosos//Manifiestos liberados/2012
648,Manifiesto 8761 GUME.pdf,,19/07/2016 12:22,0000-00-00,clientes/18/Residuos Peligrosos//Manifiestos liberados/2012/Manifiesto 8761 GUME.pdf,,,0,0,0,clientes/18/Residuos Peligrosos//Manifiestos liberados/2012
649,Manifiesto 8874 GUME.pdf,,19/07/2016 12:22,0000-00-00,clientes/18/Residuos Peligrosos//Manifiestos liberados/2012/Manifiesto 8874 GUME.pdf,,,0,0,0,clientes/18/Residuos Peligrosos//Manifiestos liberados/2012
650,Manifiesto 8991 GUME.pdf,,19/07/2016 12:23,0000-00-00,clientes/18/Residuos Peligrosos//Manifiestos liberados/2012/Manifiesto 8991 GUME.pdf,,,0,0,0,clientes/18/Residuos Peligrosos//Manifiestos liberados/2012
651,Manifiesto 9587 GUME.pdf,,19/07/2016 12:23,0000-00-00,clientes/18/Residuos Peligrosos//Manifiestos liberados/2012/Manifiesto 9587 GUME.pdf,,,0,0,0,clientes/18/Residuos Peligrosos//Manifiestos liberados/2012
652,Manifiesto 5740 GUME.pdf,,19/07/2016 12:24,0000-00-00,clientes/18/Residuos Peligrosos//Manifiestos liberados/2012/Manifiesto 5740 GUME.pdf,,,0,0,0,clientes/18/Residuos Peligrosos//Manifiestos liberados/2012
653,Manifiesto 5804 GUME.pdf,,19/07/2016 12:24,0000-00-00,clientes/18/Residuos Peligrosos//Manifiestos liberados/2012/Manifiesto 5804 GUME.pdf,,,0,0,0,clientes/18/Residuos Peligrosos//Manifiestos liberados/2012
654,Manifiesto 9584 GUME.pdf,,19/07/2016 12:27,0000-00-00,clientes/18/Residuos Peligrosos//Manifiestos liberados/2013/Manifiesto 9584 GUME.pdf,,,0,0,0,clientes/18/Residuos Peligrosos//Manifiestos liberados/2013
655,Manifiesto 9508 GUME.pdf,,19/07/2016 12:28,0000-00-00,clientes/18/Residuos Peligrosos//Manifiestos liberados/2013/Manifiesto 9508 GUME.pdf,,,0,0,0,clientes/18/Residuos Peligrosos//Manifiestos liberados/2013
656,Manifiesto 9730 GUME.pdf,,19/07/2016 12:29,0000-00-00,clientes/18/Residuos Peligrosos//Manifiestos liberados/2013/Manifiesto 9730 GUME.pdf,,,0,0,0,clientes/18/Residuos Peligrosos//Manifiestos liberados/2013
657,Manifiesto 9774 GUME.pdf,,19/07/2016 12:30,0000-00-00,clientes/18/Residuos Peligrosos//Manifiestos liberados/2013/Manifiesto 9774 GUME.pdf,,,0,0,0,clientes/18/Residuos Peligrosos//Manifiestos liberados/2013
658,Manifiesto 9861 GUME.pdf,,19/07/2016 12:31,0000-00-00,clientes/18/Residuos Peligrosos//Manifiestos liberados/2013/Manifiesto 9861 GUME.pdf,,,0,0,0,clientes/18/Residuos Peligrosos//Manifiestos liberados/2013
659,Manifiesto 9942 GUME.pdf,,19/07/2016 12:33,0000-00-00,clientes/18/Residuos Peligrosos//Manifiestos liberados/2013/Manifiesto 9942 GUME.pdf,,,0,0,0,clientes/18/Residuos Peligrosos//Manifiestos liberados/2013
660,Manifiesto 10038 GUME.pdf,,19/07/2016 12:33,0000-00-00,clientes/18/Residuos Peligrosos//Manifiestos liberados/2013/Manifiesto 10038 GUME.pdf,,,0,0,0,clientes/18/Residuos Peligrosos//Manifiestos liberados/2013
661,Manifiesto 10137 GUME.pdf,,19/07/2016 12:34,0000-00-00,clientes/18/Residuos Peligrosos//Manifiestos liberados/2013/Manifiesto 10137 GUME.pdf,,,0,0,0,clientes/18/Residuos Peligrosos//Manifiestos liberados/2013
662,Manifiesto 10193 GUME.pdf,,19/07/2016 12:34,0000-00-00,clientes/18/Residuos Peligrosos//Manifiestos liberados/2013/Manifiesto 10193 GUME.pdf,,,0,0,0,clientes/18/Residuos Peligrosos//Manifiestos liberados/2013
663,Manifiesto 10270 GUME.pdf,,19/07/2016 12:35,0000-00-00,clientes/18/Residuos Peligrosos//Manifiestos liberados/2013/Manifiesto 10270 GUME.pdf,,,0,0,0,clientes/18/Residuos Peligrosos//Manifiestos liberados/2013
664,Manifiesto 10419 GUME.pdf,,19/07/2016 12:35,0000-00-00,clientes/18/Residuos Peligrosos//Manifiestos liberados/2014/Manifiesto 10419 GUME.pdf,,,0,0,0,clientes/18/Residuos Peligrosos//Manifiestos liberados/2014
665,Manifiesto 10530 GUME.pdf,,19/07/2016 12:36,0000-00-00,clientes/18/Residuos Peligrosos//Manifiestos liberados/2014/Manifiesto 10530 GUME.pdf,,,0,0,0,clientes/18/Residuos Peligrosos//Manifiestos liberados/2014
666,Manifiesto 10712 GUME.pdf,,19/07/2016 12:37,0000-00-00,clientes/18/Residuos Peligrosos//Manifiestos liberados/2014/Manifiesto 10712 GUME.pdf,,,0,0,0,clientes/18/Residuos Peligrosos//Manifiestos liberados/2014
667,Manifiesto 10879 GUME.pdf,,19/07/2016 12:40,0000-00-00,clientes/18/Residuos Peligrosos//Manifiestos liberados/2014/Manifiesto 10879 GUME.pdf,,,0,0,0,clientes/18/Residuos Peligrosos//Manifiestos liberados/2014
668,Manifiesto 10954 GUME.pdf,,19/07/2016 12:43,0000-00-00,clientes/18/Residuos Peligrosos//Manifiestos liberados/2014/Manifiesto 10954 GUME.pdf,,,0,0,0,clientes/18/Residuos Peligrosos//Manifiestos liberados/2014
669,Manifiesto 11270 GUME.pdf,,19/07/2016 12:45,0000-00-00,clientes/18/Residuos Peligrosos//Manifiestos liberados/2014/Manifiesto 11270 GUME.pdf,,,0,0,0,clientes/18/Residuos Peligrosos//Manifiestos liberados/2014
670,Manifiesto 11587 GUME.pdf,,19/07/2016 12:46,0000-00-00,clientes/18/Residuos Peligrosos//Manifiestos liberados/2014/Manifiesto 11587 GUME.pdf,,,0,0,0,clientes/18/Residuos Peligrosos//Manifiestos liberados/2014
671,Manifiesto 11693 GUME.pdf,,19/07/2016 12:47,0000-00-00,clientes/18/Residuos Peligrosos//Manifiestos liberados/2014/Manifiesto 11693 GUME.pdf,,,0,0,0,clientes/18/Residuos Peligrosos//Manifiestos liberados/2014
672,Manifiesto 11776 GUME.pdf,,19/07/2016 12:47,0000-00-00,clientes/18/Residuos Peligrosos//Manifiestos liberados/2014/Manifiesto 11776 GUME.pdf,,,0,0,0,clientes/18/Residuos Peligrosos//Manifiestos liberados/2014
673,Manifiesto 11813 GUME.pdf,,19/07/2016 12:48,0000-00-00,clientes/18/Residuos Peligrosos//Manifiestos liberados/2015/Manifiesto 11813 GUME.pdf,,,0,0,0,clientes/18/Residuos Peligrosos//Manifiestos liberados/2015
674,Manifiesto 12135 GUME.pdf,,19/07/2016 12:49,0000-00-00,clientes/18/Residuos Peligrosos//Manifiestos liberados/2015/Manifiesto 12135 GUME.pdf,,,0,0,0,clientes/18/Residuos Peligrosos//Manifiestos liberados/2015
675,Manifiesto 12581 GUME.pdf,,19/07/2016 12:49,0000-00-00,clientes/18/Residuos Peligrosos//Manifiestos liberados/2015/Manifiesto 12581 GUME.pdf,,,0,0,0,clientes/18/Residuos Peligrosos//Manifiestos liberados/2015
676,Manifiesto 023 GUME.pdf,,19/07/2016 12:50,0000-00-00,clientes/18/Residuos Peligrosos//Manifiestos liberados/2016/Manifiesto 023 GUME.pdf,,,0,0,0,clientes/18/Residuos Peligrosos//Manifiestos liberados/2016
677,Manifiesto 0333 GUME.pdf,,19/07/2016 12:51,0000-00-00,clientes/18/Residuos Peligrosos//Manifiestos liberados/2016/Manifiesto 0333 GUME.pdf,,,0,0,0,clientes/18/Residuos Peligrosos//Manifiestos liberados/2016
678,Manifiesto 0364 Rancagua Colima.pdf,,22/07/2016 21:03,0000-00-00,clientes/5/En Materia de Residuos Peligrosos/Manifiestos provisionales/Manifiesto 0364 Rancagua Colima.pdf,,,0,0,0,clientes/5/En Materia de Residuos Peligrosos/Manifiestos provisionales
679,Manifiesto 0366 Rancagua V. de A..pdf,,22/07/2016 21:04,0000-00-00,clientes/36/En Materia de Residuos Peligrosos/Manifiestos provisionales/Manifiesto 0366 Rancagua V. de A..pdf,,,0,0,0,clientes/36/En Materia de Residuos Peligrosos/Manifiestos provisionales
680,Manifiesto 0365 Rancagua Tecomán.pdf,,22/07/2016 21:05,0000-00-00,clientes/34/En Materia de Residuos Peligrosos/Manifiestos provisionales/Manifiesto 0365 Rancagua Tecomán.pdf,,,0,0,0,clientes/34/En Materia de Residuos Peligrosos/Manifiestos provisionales
